iteration,Assumed probability,score
1,0.25,0.986244019138756
1,0.5,0.9850478468899522
1,0.75,0.9844497607655502
1,1,0.9850478468899522
2,0.25,0.9820574162679426
2,0.5,0.9796650717703349
2,0.75,0.9814593301435407
2,1,0.9796650717703349
3,0.25,0.979066985645933
3,0.5,0.9802631578947368
3,0.75,0.9784688995215312
3,1,0.9808612440191388
4,0.25,0.9814593301435407
4,0.5,0.9802631578947368
4,0.75,0.9784688995215312
4,1,0.979066985645933
5,0.25,0.9802631578947368
5,0.5,0.9778708133971292
5,0.75,0.9766746411483254
5,1,0.9754784688995215
6,0.25,0.9850478468899522
6,0.5,0.9826555023923444
6,0.75,0.9820574162679426
6,1,0.9808612440191388
7,0.25,0.9814593301435407
7,0.5,0.9796650717703349
7,0.75,0.9802631578947368
7,1,0.9784688995215312
8,0.25,0.9826555023923444
8,0.5,0.9820574162679426
8,0.75,0.9802631578947368
8,1,0.9826555023923444
9,0.25,0.9826555023923444
9,0.5,0.9784688995215312
9,0.75,0.9784688995215312
9,1,0.9796650717703349
10,0.25,0.9844497607655502
10,0.5,0.9820574162679426
10,0.75,0.9802631578947368
10,1,0.9778708133971292
11,0.25,0.9820574162679426
11,0.5,0.9808612440191388
11,0.75,0.9808612440191388
11,1,0.9802631578947368
12,0.25,0.9802631578947368
12,0.5,0.9772727272727273
12,0.75,0.9748803827751196
12,1,0.9730861244019139
13,0.25,0.9802631578947368
13,0.5,0.9796650717703349
13,0.75,0.9772727272727273
13,1,0.9754784688995215
14,0.25,0.9832535885167464
14,0.5,0.9814593301435407
14,0.75,0.979066985645933
14,1,0.9772727272727273
15,0.25,0.9826555023923444
15,0.5,0.9784688995215312
15,0.75,0.9778708133971292
15,1,0.9760765550239234
16,0.25,0.979066985645933
16,0.5,0.9778708133971292
16,0.75,0.9760765550239234
16,1,0.9766746411483254
17,0.25,0.9784688995215312
17,0.5,0.9760765550239234
17,0.75,0.9748803827751196
17,1,0.9760765550239234
18,0.25,0.9802631578947368
18,0.5,0.9778708133971292
18,0.75,0.979066985645933
18,1,0.9796650717703349
19,0.25,0.9826555023923444
19,0.5,0.9796650717703349
19,0.75,0.9802631578947368
19,1,0.9778708133971292
20,0.25,0.9784688995215312
20,0.5,0.9772727272727273
20,0.75,0.9754784688995215
20,1,0.9760765550239234
21,0.25,0.979066985645933
21,0.5,0.9778708133971292
21,0.75,0.9760765550239234
21,1,0.9760765550239234
22,0.25,0.9802631578947368
22,0.5,0.9778708133971292
22,0.75,0.9778708133971292
22,1,0.9772727272727273
23,0.25,0.9784688995215312
23,0.5,0.9760765550239234
23,0.75,0.9766746411483254
23,1,0.9772727272727273
24,0.25,0.9808612440191388
24,0.5,0.979066985645933
24,0.75,0.9772727272727273
24,1,0.9748803827751196
25,0.25,0.9844497607655502
25,0.5,0.9808612440191388
25,0.75,0.9778708133971292
25,1,0.9802631578947368
26,0.25,0.9820574162679426
26,0.5,0.9796650717703349
26,0.75,0.9802631578947368
26,1,0.9796650717703349
27,0.25,0.979066985645933
27,0.5,0.9766746411483254
27,0.75,0.9754784688995215
27,1,0.9748803827751196
28,0.25,0.9808612440191388
28,0.5,0.979066985645933
28,0.75,0.9754784688995215
28,1,0.9748803827751196
29,0.25,0.9802631578947368
29,0.5,0.979066985645933
29,0.75,0.9778708133971292
29,1,0.9748803827751196
30,0.25,0.9844497607655502
30,0.5,0.9832535885167464
30,0.75,0.9820574162679426
30,1,0.9784688995215312
31,0.25,0.9802631578947368
31,0.5,0.9772727272727273
31,0.75,0.9766746411483254
31,1,0.9748803827751196
32,0.25,0.9820574162679426
32,0.5,0.9796650717703349
32,0.75,0.9766746411483254
32,1,0.9766746411483254
33,0.25,0.9856459330143541
33,0.5,0.9832535885167464
33,0.75,0.9820574162679426
33,1,0.9814593301435407
34,0.25,0.9814593301435407
34,0.5,0.9802631578947368
34,0.75,0.9784688995215312
34,1,0.9802631578947368
35,0.25,0.9844497607655502
35,0.5,0.9832535885167464
35,0.75,0.9832535885167464
35,1,0.9820574162679426
36,0.25,0.9796650717703349
36,0.5,0.9754784688995215
36,0.75,0.9748803827751196
36,1,0.972488038277512
37,0.25,0.9814593301435407
37,0.5,0.979066985645933
37,0.75,0.9772727272727273
37,1,0.9766746411483254
38,0.25,0.9838516746411483
38,0.5,0.9826555023923444
38,0.75,0.9808612440191388
38,1,0.9826555023923444
39,0.25,0.9808612440191388
39,0.5,0.9808612440191388
39,0.75,0.9814593301435407
39,1,0.9796650717703349
40,0.25,0.9772727272727273
40,0.5,0.9772727272727273
40,0.75,0.9754784688995215
40,1,0.9748803827751196
41,0.25,0.9784688995215312
41,0.5,0.9760765550239234
41,0.75,0.9754784688995215
41,1,0.9748803827751196
42,0.25,0.9838516746411483
42,0.5,0.9784688995215312
42,0.75,0.9802631578947368
42,1,0.9802631578947368
43,0.25,0.9802631578947368
43,0.5,0.9784688995215312
43,0.75,0.9748803827751196
43,1,0.9754784688995215
44,0.25,0.9796650717703349
44,0.5,0.9760765550239234
44,0.75,0.9766746411483254
44,1,0.9748803827751196
45,0.25,0.9826555023923444
45,0.5,0.9820574162679426
45,0.75,0.9820574162679426
45,1,0.9814593301435407
46,0.25,0.9808612440191388
46,0.5,0.9784688995215312
46,0.75,0.9778708133971292
46,1,0.9772727272727273
47,0.25,0.9820574162679426
47,0.5,0.9808612440191388
47,0.75,0.9796650717703349
47,1,0.9814593301435407
48,0.25,0.9814593301435407
48,0.5,0.979066985645933
48,0.75,0.9772727272727273
48,1,0.9772727272727273
49,0.25,0.9838516746411483
49,0.5,0.9820574162679426
49,0.75,0.9802631578947368
49,1,0.9778708133971292
50,0.25,0.9868421052631579
50,0.5,0.9814593301435407
50,0.75,0.9802631578947368
50,1,0.9802631578947368
51,0.25,0.9814593301435407
51,0.5,0.9814593301435407
51,0.75,0.979066985645933
51,1,0.979066985645933
52,0.25,0.9868421052631579
52,0.5,0.9832535885167464
52,0.75,0.9802631578947368
52,1,0.979066985645933
53,0.25,0.9820574162679426
53,0.5,0.9820574162679426
53,0.75,0.9784688995215312
53,1,0.9802631578947368
54,0.25,0.9820574162679426
54,0.5,0.979066985645933
54,0.75,0.9784688995215312
54,1,0.9772727272727273
55,0.25,0.9814593301435407
55,0.5,0.9802631578947368
55,0.75,0.979066985645933
55,1,0.9754784688995215
56,0.25,0.9766746411483254
56,0.5,0.9730861244019139
56,0.75,0.9712918660287081
56,1,0.972488038277512
57,0.25,0.9754784688995215
57,0.5,0.9742822966507177
57,0.75,0.9748803827751196
57,1,0.9742822966507177
58,0.25,0.9796650717703349
58,0.5,0.9814593301435407
58,0.75,0.9814593301435407
58,1,0.979066985645933
59,0.25,0.9838516746411483
59,0.5,0.9820574162679426
59,0.75,0.9826555023923444
59,1,0.9820574162679426
60,0.25,0.9826555023923444
60,0.5,0.9802631578947368
60,0.75,0.9808612440191388
60,1,0.9796650717703349
61,0.25,0.9814593301435407
61,0.5,0.9778708133971292
61,0.75,0.9772727272727273
61,1,0.9748803827751196
62,0.25,0.9754784688995215
62,0.5,0.9754784688995215
62,0.75,0.9742822966507177
62,1,0.972488038277512
63,0.25,0.9784688995215312
63,0.5,0.9778708133971292
63,0.75,0.9760765550239234
63,1,0.9748803827751196
64,0.25,0.9772727272727273
64,0.5,0.9766746411483254
64,0.75,0.9742822966507177
64,1,0.9748803827751196
65,0.25,0.9826555023923444
65,0.5,0.9796650717703349
65,0.75,0.9814593301435407
65,1,0.9802631578947368
66,0.25,0.9814593301435407
66,0.5,0.9796650717703349
66,0.75,0.979066985645933
66,1,0.9772727272727273
67,0.25,0.9760765550239234
67,0.5,0.9736842105263158
67,0.75,0.9730861244019139
67,1,0.9712918660287081
68,0.25,0.9796650717703349
68,0.5,0.9778708133971292
68,0.75,0.9766746411483254
68,1,0.9760765550239234
69,0.25,0.9850478468899522
69,0.5,0.9844497607655502
69,0.75,0.9820574162679426
69,1,0.9808612440191388
70,0.25,0.9802631578947368
70,0.5,0.979066985645933
70,0.75,0.9766746411483254
70,1,0.9754784688995215
71,0.25,0.9778708133971292
71,0.5,0.9730861244019139
71,0.75,0.97188995215311
71,1,0.9712918660287081
72,0.25,0.9820574162679426
72,0.5,0.9802631578947368
72,0.75,0.9778708133971292
72,1,0.9772727272727273
73,0.25,0.9748803827751196
73,0.5,0.972488038277512
73,0.75,0.972488038277512
73,1,0.9700956937799043
74,0.25,0.9808612440191388
74,0.5,0.9778708133971292
74,0.75,0.9748803827751196
74,1,0.9772727272727273
75,0.25,0.9874401913875598
75,0.5,0.986244019138756
75,0.75,0.9856459330143541
75,1,0.9838516746411483
76,0.25,0.9808612440191388
76,0.5,0.9784688995215312
76,0.75,0.979066985645933
76,1,0.9784688995215312
77,0.25,0.9808612440191388
77,0.5,0.9784688995215312
77,0.75,0.9784688995215312
77,1,0.9766746411483254
78,0.25,0.9832535885167464
78,0.5,0.979066985645933
78,0.75,0.9778708133971292
78,1,0.9760765550239234
79,0.25,0.9844497607655502
79,0.5,0.9838516746411483
79,0.75,0.9820574162679426
79,1,0.9802631578947368
80,0.25,0.9820574162679426
80,0.5,0.9796650717703349
80,0.75,0.9820574162679426
80,1,0.9808612440191388
81,0.25,0.9814593301435407
81,0.5,0.9814593301435407
81,0.75,0.9802631578947368
81,1,0.9778708133971292
82,0.25,0.9730861244019139
82,0.5,0.97188995215311
82,0.75,0.9700956937799043
82,1,0.9700956937799043
83,0.25,0.9832535885167464
83,0.5,0.9814593301435407
83,0.75,0.9778708133971292
83,1,0.9760765550239234
84,0.25,0.9832535885167464
84,0.5,0.9808612440191388
84,0.75,0.979066985645933
84,1,0.9784688995215312
85,0.25,0.9868421052631579
85,0.5,0.9814593301435407
85,0.75,0.9778708133971292
85,1,0.9772727272727273
86,0.25,0.9832535885167464
86,0.5,0.9796650717703349
86,0.75,0.9772727272727273
86,1,0.9760765550239234
87,0.25,0.9778708133971292
87,0.5,0.9742822966507177
87,0.75,0.9754784688995215
87,1,0.9742822966507177
88,0.25,0.9844497607655502
88,0.5,0.9814593301435407
88,0.75,0.9778708133971292
88,1,0.9778708133971292
89,0.25,0.9856459330143541
89,0.5,0.9868421052631579
89,0.75,0.9838516746411483
89,1,0.9814593301435407
90,0.25,0.9796650717703349
90,0.5,0.979066985645933
90,0.75,0.9754784688995215
90,1,0.9748803827751196
91,0.25,0.9802631578947368
91,0.5,0.9796650717703349
91,0.75,0.9778708133971292
91,1,0.9766746411483254
92,0.25,0.979066985645933
92,0.5,0.9754784688995215
92,0.75,0.9754784688995215
92,1,0.9736842105263158
93,0.25,0.9826555023923444
93,0.5,0.9838516746411483
93,0.75,0.9820574162679426
93,1,0.9802631578947368
94,0.25,0.9760765550239234
94,0.5,0.972488038277512
94,0.75,0.97188995215311
94,1,0.9706937799043063
95,0.25,0.9802631578947368
95,0.5,0.9772727272727273
95,0.75,0.9742822966507177
95,1,0.9736842105263158
96,0.25,0.9838516746411483
96,0.5,0.9820574162679426
96,0.75,0.979066985645933
96,1,0.9766746411483254
97,0.25,0.9886363636363636
97,0.5,0.9856459330143541
97,0.75,0.9832535885167464
97,1,0.9826555023923444
98,0.25,0.9832535885167464
98,0.5,0.9802631578947368
98,0.75,0.9814593301435407
98,1,0.979066985645933
99,0.25,0.9874401913875598
99,0.5,0.9874401913875598
99,0.75,0.9850478468899522
99,1,0.986244019138756
100,0.25,0.9766746411483254
100,0.5,0.9772727272727273
100,0.75,0.9754784688995215
100,1,0.9766746411483254
101,0.25,0.9832535885167464
101,0.5,0.9832535885167464
101,0.75,0.9814593301435407
101,1,0.9802631578947368
102,0.25,0.9796650717703349
102,0.5,0.9760765550239234
102,0.75,0.9742822966507177
102,1,0.9736842105263158
103,0.25,0.9808612440191388
103,0.5,0.9802631578947368
103,0.75,0.9778708133971292
103,1,0.9736842105263158
104,0.25,0.9820574162679426
104,0.5,0.9814593301435407
104,0.75,0.9802631578947368
104,1,0.9796650717703349
105,0.25,0.9802631578947368
105,0.5,0.9784688995215312
105,0.75,0.9778708133971292
105,1,0.9784688995215312
106,0.25,0.9832535885167464
106,0.5,0.9838516746411483
106,0.75,0.9820574162679426
106,1,0.9814593301435407
107,0.25,0.9844497607655502
107,0.5,0.9838516746411483
107,0.75,0.9826555023923444
107,1,0.9814593301435407
108,0.25,0.9826555023923444
108,0.5,0.9796650717703349
108,0.75,0.9826555023923444
108,1,0.9820574162679426
109,0.25,0.9820574162679426
109,0.5,0.9808612440191388
109,0.75,0.9778708133971292
109,1,0.9760765550239234
110,0.25,0.9838516746411483
110,0.5,0.9808612440191388
110,0.75,0.9820574162679426
110,1,0.9808612440191388
111,0.25,0.9820574162679426
111,0.5,0.9820574162679426
111,0.75,0.9808612440191388
111,1,0.9814593301435407
112,0.25,0.9808612440191388
112,0.5,0.9784688995215312
112,0.75,0.979066985645933
112,1,0.9772727272727273
113,0.25,0.9814593301435407
113,0.5,0.9784688995215312
113,0.75,0.9766746411483254
113,1,0.9778708133971292
114,0.25,0.9826555023923444
114,0.5,0.9796650717703349
114,0.75,0.9778708133971292
114,1,0.9766746411483254
115,0.25,0.9808612440191388
115,0.5,0.979066985645933
115,0.75,0.979066985645933
115,1,0.9766746411483254
116,0.25,0.979066985645933
116,0.5,0.9760765550239234
116,0.75,0.9760765550239234
116,1,0.9730861244019139
117,0.25,0.9820574162679426
117,0.5,0.9778708133971292
117,0.75,0.9760765550239234
117,1,0.9760765550239234
118,0.25,0.9832535885167464
118,0.5,0.9784688995215312
118,0.75,0.9760765550239234
118,1,0.9748803827751196
119,0.25,0.9814593301435407
119,0.5,0.9778708133971292
119,0.75,0.9760765550239234
119,1,0.9736842105263158
120,0.25,0.9808612440191388
120,0.5,0.9784688995215312
120,0.75,0.9778708133971292
120,1,0.9784688995215312
121,0.25,0.9820574162679426
121,0.5,0.9796650717703349
121,0.75,0.9802631578947368
121,1,0.979066985645933
122,0.25,0.9838516746411483
122,0.5,0.9820574162679426
122,0.75,0.9808612440191388
122,1,0.9796650717703349
123,0.25,0.9832535885167464
123,0.5,0.9814593301435407
123,0.75,0.9808612440191388
123,1,0.9796650717703349
124,0.25,0.9820574162679426
124,0.5,0.979066985645933
124,0.75,0.9772727272727273
124,1,0.979066985645933
125,0.25,0.9850478468899522
125,0.5,0.9844497607655502
125,0.75,0.9820574162679426
125,1,0.9838516746411483
126,0.25,0.9802631578947368
126,0.5,0.9766746411483254
126,0.75,0.9760765550239234
126,1,0.9760765550239234
127,0.25,0.9814593301435407
127,0.5,0.9814593301435407
127,0.75,0.9802631578947368
127,1,0.9796650717703349
128,0.25,0.9826555023923444
128,0.5,0.9820574162679426
128,0.75,0.9814593301435407
128,1,0.9814593301435407
129,0.25,0.9808612440191388
129,0.5,0.9778708133971292
129,0.75,0.9796650717703349
129,1,0.9796650717703349
130,0.25,0.9814593301435407
130,0.5,0.9808612440191388
130,0.75,0.9796650717703349
130,1,0.9796650717703349
131,0.25,0.9772727272727273
131,0.5,0.9748803827751196
131,0.75,0.9742822966507177
131,1,0.9736842105263158
132,0.25,0.9832535885167464
132,0.5,0.9814593301435407
132,0.75,0.9802631578947368
132,1,0.979066985645933
133,0.25,0.9796650717703349
133,0.5,0.9796650717703349
133,0.75,0.9784688995215312
133,1,0.979066985645933
134,0.25,0.9838516746411483
134,0.5,0.9832535885167464
134,0.75,0.9796650717703349
134,1,0.9808612440191388
135,0.25,0.9832535885167464
135,0.5,0.9820574162679426
135,0.75,0.9814593301435407
135,1,0.9808612440191388
136,0.25,0.9820574162679426
136,0.5,0.9820574162679426
136,0.75,0.9808612440191388
136,1,0.9802631578947368
137,0.25,0.9778708133971292
137,0.5,0.9748803827751196
137,0.75,0.9742822966507177
137,1,0.9754784688995215
138,0.25,0.9844497607655502
138,0.5,0.9838516746411483
138,0.75,0.9826555023923444
138,1,0.9826555023923444
139,0.25,0.9850478468899522
139,0.5,0.9844497607655502
139,0.75,0.9820574162679426
139,1,0.9802631578947368
140,0.25,0.9784688995215312
140,0.5,0.9778708133971292
140,0.75,0.9754784688995215
140,1,0.9760765550239234
141,0.25,0.9826555023923444
141,0.5,0.9820574162679426
141,0.75,0.9826555023923444
141,1,0.9838516746411483
142,0.25,0.9844497607655502
142,0.5,0.9826555023923444
142,0.75,0.9784688995215312
142,1,0.9760765550239234
143,0.25,0.9814593301435407
143,0.5,0.9796650717703349
143,0.75,0.9796650717703349
143,1,0.9784688995215312
144,0.25,0.9814593301435407
144,0.5,0.9766746411483254
144,0.75,0.9754784688995215
144,1,0.9736842105263158
145,0.25,0.9826555023923444
145,0.5,0.979066985645933
145,0.75,0.9754784688995215
145,1,0.9754784688995215
146,0.25,0.9868421052631579
146,0.5,0.986244019138756
146,0.75,0.9832535885167464
146,1,0.9820574162679426
147,0.25,0.9820574162679426
147,0.5,0.9808612440191388
147,0.75,0.979066985645933
147,1,0.9796650717703349
148,0.25,0.9832535885167464
148,0.5,0.9820574162679426
148,0.75,0.9808612440191388
148,1,0.9784688995215312
149,0.25,0.9856459330143541
149,0.5,0.9820574162679426
149,0.75,0.9808612440191388
149,1,0.9808612440191388
150,0.25,0.9820574162679426
150,0.5,0.9802631578947368
150,0.75,0.9802631578947368
150,1,0.9802631578947368
151,0.25,0.9820574162679426
151,0.5,0.9802631578947368
151,0.75,0.9802631578947368
151,1,0.9784688995215312
152,0.25,0.9802631578947368
152,0.5,0.9778708133971292
152,0.75,0.9754784688995215
152,1,0.9766746411483254
153,0.25,0.9844497607655502
153,0.5,0.9820574162679426
153,0.75,0.9820574162679426
153,1,0.9808612440191388
154,0.25,0.9814593301435407
154,0.5,0.9802631578947368
154,0.75,0.9778708133971292
154,1,0.9760765550239234
155,0.25,0.9772727272727273
155,0.5,0.9772727272727273
155,0.75,0.9748803827751196
155,1,0.9766746411483254
156,0.25,0.9796650717703349
156,0.5,0.9772727272727273
156,0.75,0.9736842105263158
156,1,0.9730861244019139
157,0.25,0.9850478468899522
157,0.5,0.9802631578947368
157,0.75,0.9784688995215312
157,1,0.9760765550239234
158,0.25,0.9802631578947368
158,0.5,0.9820574162679426
158,0.75,0.9808612440191388
158,1,0.9808612440191388
159,0.25,0.9850478468899522
159,0.5,0.9814593301435407
159,0.75,0.979066985645933
159,1,0.9772727272727273
160,0.25,0.9820574162679426
160,0.5,0.9802631578947368
160,0.75,0.9784688995215312
160,1,0.9784688995215312
161,0.25,0.9826555023923444
161,0.5,0.9826555023923444
161,0.75,0.9808612440191388
161,1,0.9808612440191388
162,0.25,0.9844497607655502
162,0.5,0.9826555023923444
162,0.75,0.9820574162679426
162,1,0.9784688995215312
163,0.25,0.979066985645933
163,0.5,0.9760765550239234
163,0.75,0.9748803827751196
163,1,0.9730861244019139
164,0.25,0.9814593301435407
164,0.5,0.9814593301435407
164,0.75,0.9820574162679426
164,1,0.979066985645933
165,0.25,0.9802631578947368
165,0.5,0.9802631578947368
165,0.75,0.979066985645933
165,1,0.9772727272727273
166,0.25,0.9808612440191388
166,0.5,0.9754784688995215
166,0.75,0.972488038277512
166,1,0.9736842105263158
167,0.25,0.9832535885167464
167,0.5,0.9826555023923444
167,0.75,0.9808612440191388
167,1,0.9802631578947368
168,0.25,0.9832535885167464
168,0.5,0.9802631578947368
168,0.75,0.979066985645933
168,1,0.9796650717703349
169,0.25,0.9802631578947368
169,0.5,0.9760765550239234
169,0.75,0.9772727272727273
169,1,0.9766746411483254
170,0.25,0.9856459330143541
170,0.5,0.9844497607655502
170,0.75,0.9814593301435407
170,1,0.9820574162679426
171,0.25,0.9820574162679426
171,0.5,0.9814593301435407
171,0.75,0.9802631578947368
171,1,0.9796650717703349
172,0.25,0.972488038277512
172,0.5,0.9730861244019139
172,0.75,0.9742822966507177
172,1,0.9736842105263158
173,0.25,0.9820574162679426
173,0.5,0.9808612440191388
173,0.75,0.9802631578947368
173,1,0.979066985645933
174,0.25,0.9838516746411483
174,0.5,0.9814593301435407
174,0.75,0.9808612440191388
174,1,0.979066985645933
175,0.25,0.9796650717703349
175,0.5,0.9778708133971292
175,0.75,0.9754784688995215
175,1,0.9766746411483254
176,0.25,0.9832535885167464
176,0.5,0.9814593301435407
176,0.75,0.9808612440191388
176,1,0.9802631578947368
177,0.25,0.9856459330143541
177,0.5,0.9844497607655502
177,0.75,0.9844497607655502
177,1,0.9808612440191388
178,0.25,0.9808612440191388
178,0.5,0.9808612440191388
178,0.75,0.9796650717703349
178,1,0.9784688995215312
179,0.25,0.9814593301435407
179,0.5,0.979066985645933
179,0.75,0.9772727272727273
179,1,0.9754784688995215
180,0.25,0.9778708133971292
180,0.5,0.9754784688995215
180,0.75,0.9736842105263158
180,1,0.9712918660287081
181,0.25,0.979066985645933
181,0.5,0.9796650717703349
181,0.75,0.9772727272727273
181,1,0.979066985645933
182,0.25,0.9832535885167464
182,0.5,0.9814593301435407
182,0.75,0.9796650717703349
182,1,0.9766746411483254
183,0.25,0.972488038277512
183,0.5,0.9730861244019139
183,0.75,0.9706937799043063
183,1,0.9736842105263158
184,0.25,0.979066985645933
184,0.5,0.9778708133971292
184,0.75,0.9742822966507177
184,1,0.9742822966507177
185,0.25,0.9880382775119617
185,0.5,0.9856459330143541
185,0.75,0.9838516746411483
185,1,0.9838516746411483
186,0.25,0.9820574162679426
186,0.5,0.9814593301435407
186,0.75,0.979066985645933
186,1,0.9796650717703349
187,0.25,0.9808612440191388
187,0.5,0.979066985645933
187,0.75,0.9778708133971292
187,1,0.9772727272727273
188,0.25,0.9820574162679426
188,0.5,0.9820574162679426
188,0.75,0.9808612440191388
188,1,0.9778708133971292
189,0.25,0.979066985645933
189,0.5,0.9772727272727273
189,0.75,0.9778708133971292
189,1,0.9766746411483254
190,0.25,0.9838516746411483
190,0.5,0.9838516746411483
190,0.75,0.9808612440191388
190,1,0.9820574162679426
191,0.25,0.9808612440191388
191,0.5,0.9796650717703349
191,0.75,0.9778708133971292
191,1,0.9778708133971292
192,0.25,0.9808612440191388
192,0.5,0.9796650717703349
192,0.75,0.9808612440191388
192,1,0.979066985645933
193,0.25,0.9802631578947368
193,0.5,0.9796650717703349
193,0.75,0.9778708133971292
193,1,0.9784688995215312
194,0.25,0.9802631578947368
194,0.5,0.9766746411483254
194,0.75,0.9784688995215312
194,1,0.9760765550239234
195,0.25,0.9778708133971292
195,0.5,0.9754784688995215
195,0.75,0.9766746411483254
195,1,0.9772727272727273
196,0.25,0.9832535885167464
196,0.5,0.979066985645933
196,0.75,0.9766746411483254
196,1,0.9748803827751196
197,0.25,0.9844497607655502
197,0.5,0.9826555023923444
197,0.75,0.9802631578947368
197,1,0.979066985645933
198,0.25,0.9826555023923444
198,0.5,0.979066985645933
198,0.75,0.9778708133971292
198,1,0.979066985645933
199,0.25,0.9844497607655502
199,0.5,0.9838516746411483
199,0.75,0.9814593301435407
199,1,0.9808612440191388
200,0.25,0.9796650717703349
200,0.5,0.9784688995215312
200,0.75,0.9772727272727273
200,1,0.9772727272727273
201,0.25,0.9856459330143541
201,0.5,0.9856459330143541
201,0.75,0.9826555023923444
201,1,0.9814593301435407
202,0.25,0.9772727272727273
202,0.5,0.9754784688995215
202,0.75,0.9748803827751196
202,1,0.9754784688995215
203,0.25,0.9838516746411483
203,0.5,0.979066985645933
203,0.75,0.9808612440191388
203,1,0.9802631578947368
204,0.25,0.9826555023923444
204,0.5,0.9802631578947368
204,0.75,0.9796650717703349
204,1,0.979066985645933
205,0.25,0.9796650717703349
205,0.5,0.9766746411483254
205,0.75,0.9736842105263158
205,1,0.9736842105263158
206,0.25,0.9796650717703349
206,0.5,0.9778708133971292
206,0.75,0.9772727272727273
206,1,0.9754784688995215
207,0.25,0.9802631578947368
207,0.5,0.9796650717703349
207,0.75,0.9796650717703349
207,1,0.9802631578947368
208,0.25,0.9820574162679426
208,0.5,0.9778708133971292
208,0.75,0.9766746411483254
208,1,0.9772727272727273
209,0.25,0.9802631578947368
209,0.5,0.9802631578947368
209,0.75,0.9766746411483254
209,1,0.9778708133971292
210,0.25,0.9874401913875598
210,0.5,0.9868421052631579
210,0.75,0.986244019138756
210,1,0.9868421052631579
211,0.25,0.9802631578947368
211,0.5,0.9784688995215312
211,0.75,0.9796650717703349
211,1,0.979066985645933
212,0.25,0.9844497607655502
212,0.5,0.9808612440191388
212,0.75,0.9802631578947368
212,1,0.9778708133971292
213,0.25,0.9808612440191388
213,0.5,0.979066985645933
213,0.75,0.9766746411483254
213,1,0.9736842105263158
214,0.25,0.9796650717703349
214,0.5,0.9778708133971292
214,0.75,0.979066985645933
214,1,0.979066985645933
215,0.25,0.9814593301435407
215,0.5,0.9778708133971292
215,0.75,0.9772727272727273
215,1,0.9766746411483254
216,0.25,0.9808612440191388
216,0.5,0.9796650717703349
216,0.75,0.9784688995215312
216,1,0.9742822966507177
217,0.25,0.9832535885167464
217,0.5,0.9808612440191388
217,0.75,0.9808612440191388
217,1,0.9802631578947368
218,0.25,0.9826555023923444
218,0.5,0.9796650717703349
218,0.75,0.9820574162679426
218,1,0.9802631578947368
219,0.25,0.9802631578947368
219,0.5,0.9772727272727273
219,0.75,0.9760765550239234
219,1,0.9766746411483254
220,0.25,0.9802631578947368
220,0.5,0.9796650717703349
220,0.75,0.9796650717703349
220,1,0.9766746411483254
221,0.25,0.9832535885167464
221,0.5,0.9826555023923444
221,0.75,0.9802631578947368
221,1,0.9802631578947368
222,0.25,0.9814593301435407
222,0.5,0.9814593301435407
222,0.75,0.9796650717703349
222,1,0.9802631578947368
223,0.25,0.9802631578947368
223,0.5,0.9796650717703349
223,0.75,0.9796650717703349
223,1,0.9796650717703349
224,0.25,0.9778708133971292
224,0.5,0.9766746411483254
224,0.75,0.9766746411483254
224,1,0.9754784688995215
225,0.25,0.9856459330143541
225,0.5,0.9838516746411483
225,0.75,0.9814593301435407
225,1,0.9832535885167464
226,0.25,0.9808612440191388
226,0.5,0.9796650717703349
226,0.75,0.9778708133971292
226,1,0.9784688995215312
227,0.25,0.9796650717703349
227,0.5,0.9778708133971292
227,0.75,0.9778708133971292
227,1,0.9778708133971292
228,0.25,0.9814593301435407
228,0.5,0.9784688995215312
228,0.75,0.9772727272727273
228,1,0.9772727272727273
229,0.25,0.979066985645933
229,0.5,0.9772727272727273
229,0.75,0.9760765550239234
229,1,0.9754784688995215
230,0.25,0.9796650717703349
230,0.5,0.9778708133971292
230,0.75,0.9784688995215312
230,1,0.9754784688995215
231,0.25,0.9802631578947368
231,0.5,0.9766746411483254
231,0.75,0.9766746411483254
231,1,0.9742822966507177
232,0.25,0.9832535885167464
232,0.5,0.9802631578947368
232,0.75,0.979066985645933
232,1,0.9772727272727273
233,0.25,0.979066985645933
233,0.5,0.979066985645933
233,0.75,0.9742822966507177
233,1,0.9766746411483254
234,0.25,0.9778708133971292
234,0.5,0.9760765550239234
234,0.75,0.9736842105263158
234,1,0.97188995215311
235,0.25,0.9802631578947368
235,0.5,0.979066985645933
235,0.75,0.9796650717703349
235,1,0.9808612440191388
236,0.25,0.9826555023923444
236,0.5,0.9802631578947368
236,0.75,0.979066985645933
236,1,0.9784688995215312
237,0.25,0.9784688995215312
237,0.5,0.9766746411483254
237,0.75,0.9730861244019139
237,1,0.972488038277512
238,0.25,0.9814593301435407
238,0.5,0.9814593301435407
238,0.75,0.9796650717703349
238,1,0.9784688995215312
239,0.25,0.9832535885167464
239,0.5,0.9796650717703349
239,0.75,0.9796650717703349
239,1,0.9796650717703349
240,0.25,0.9826555023923444
240,0.5,0.9820574162679426
240,0.75,0.9814593301435407
240,1,0.979066985645933
241,0.25,0.9868421052631579
241,0.5,0.9856459330143541
241,0.75,0.9856459330143541
241,1,0.9844497607655502
242,0.25,0.9850478468899522
242,0.5,0.9832535885167464
242,0.75,0.9844497607655502
242,1,0.9844497607655502
243,0.25,0.9832535885167464
243,0.5,0.9808612440191388
243,0.75,0.9808612440191388
243,1,0.9796650717703349
244,0.25,0.9802631578947368
244,0.5,0.9802631578947368
244,0.75,0.9772727272727273
244,1,0.9754784688995215
245,0.25,0.9796650717703349
245,0.5,0.9778708133971292
245,0.75,0.9778708133971292
245,1,0.9754784688995215
246,0.25,0.9814593301435407
246,0.5,0.9802631578947368
246,0.75,0.9796650717703349
246,1,0.9796650717703349
247,0.25,0.9844497607655502
247,0.5,0.9826555023923444
247,0.75,0.9820574162679426
247,1,0.9796650717703349
248,0.25,0.9856459330143541
248,0.5,0.9844497607655502
248,0.75,0.9850478468899522
248,1,0.9832535885167464
249,0.25,0.9826555023923444
249,0.5,0.9802631578947368
249,0.75,0.9778708133971292
249,1,0.9778708133971292
250,0.25,0.9808612440191388
250,0.5,0.9808612440191388
250,0.75,0.9778708133971292
250,1,0.9766746411483254
251,0.25,0.9832535885167464
251,0.5,0.979066985645933
251,0.75,0.979066985645933
251,1,0.9766746411483254
252,0.25,0.9820574162679426
252,0.5,0.9778708133971292
252,0.75,0.9730861244019139
252,1,0.9742822966507177
253,0.25,0.9832535885167464
253,0.5,0.9808612440191388
253,0.75,0.9796650717703349
253,1,0.9778708133971292
254,0.25,0.9850478468899522
254,0.5,0.9856459330143541
254,0.75,0.9826555023923444
254,1,0.9832535885167464
255,0.25,0.9820574162679426
255,0.5,0.9838516746411483
255,0.75,0.9826555023923444
255,1,0.9826555023923444
256,0.25,0.9880382775119617
256,0.5,0.9844497607655502
256,0.75,0.9826555023923444
256,1,0.9838516746411483
257,0.25,0.9844497607655502
257,0.5,0.9832535885167464
257,0.75,0.9820574162679426
257,1,0.9820574162679426
258,0.25,0.9808612440191388
258,0.5,0.9766746411483254
258,0.75,0.9760765550239234
258,1,0.9754784688995215
259,0.25,0.9814593301435407
259,0.5,0.9772727272727273
259,0.75,0.9748803827751196
259,1,0.9742822966507177
260,0.25,0.9814593301435407
260,0.5,0.9808612440191388
260,0.75,0.9808612440191388
260,1,0.9802631578947368
261,0.25,0.9808612440191388
261,0.5,0.9766746411483254
261,0.75,0.9766746411483254
261,1,0.9760765550239234
262,0.25,0.9838516746411483
262,0.5,0.9832535885167464
262,0.75,0.9796650717703349
262,1,0.9796650717703349
263,0.25,0.9814593301435407
263,0.5,0.979066985645933
263,0.75,0.9766746411483254
263,1,0.9784688995215312
264,0.25,0.9784688995215312
264,0.5,0.9760765550239234
264,0.75,0.9772727272727273
264,1,0.9778708133971292
265,0.25,0.9772727272727273
265,0.5,0.9754784688995215
265,0.75,0.9736842105263158
265,1,0.972488038277512
266,0.25,0.9784688995215312
266,0.5,0.9772727272727273
266,0.75,0.9760765550239234
266,1,0.9754784688995215
267,0.25,0.9802631578947368
267,0.5,0.9802631578947368
267,0.75,0.979066985645933
267,1,0.9772727272727273
268,0.25,0.9808612440191388
268,0.5,0.979066985645933
268,0.75,0.9766746411483254
268,1,0.9760765550239234
269,0.25,0.9838516746411483
269,0.5,0.9838516746411483
269,0.75,0.9820574162679426
269,1,0.9796650717703349
270,0.25,0.9850478468899522
270,0.5,0.9838516746411483
270,0.75,0.9850478468899522
270,1,0.986244019138756
271,0.25,0.9826555023923444
271,0.5,0.9814593301435407
271,0.75,0.9814593301435407
271,1,0.9814593301435407
272,0.25,0.9838516746411483
272,0.5,0.9820574162679426
272,0.75,0.9808612440191388
272,1,0.9796650717703349
273,0.25,0.9832535885167464
273,0.5,0.9796650717703349
273,0.75,0.979066985645933
273,1,0.9760765550239234
274,0.25,0.9778708133971292
274,0.5,0.9760765550239234
274,0.75,0.9742822966507177
274,1,0.9736842105263158
275,0.25,0.9796650717703349
275,0.5,0.9772727272727273
275,0.75,0.9748803827751196
275,1,0.9748803827751196
276,0.25,0.9838516746411483
276,0.5,0.9814593301435407
276,0.75,0.9820574162679426
276,1,0.9820574162679426
277,0.25,0.9838516746411483
277,0.5,0.9820574162679426
277,0.75,0.9802631578947368
277,1,0.9784688995215312
278,0.25,0.9838516746411483
278,0.5,0.9814593301435407
278,0.75,0.9802631578947368
278,1,0.9766746411483254
279,0.25,0.9784688995215312
279,0.5,0.9748803827751196
279,0.75,0.9760765550239234
279,1,0.9754784688995215
280,0.25,0.9814593301435407
280,0.5,0.979066985645933
280,0.75,0.9772727272727273
280,1,0.9772727272727273
281,0.25,0.979066985645933
281,0.5,0.9766746411483254
281,0.75,0.9766746411483254
281,1,0.9766746411483254
282,0.25,0.9874401913875598
282,0.5,0.9856459330143541
282,0.75,0.9832535885167464
282,1,0.9844497607655502
283,0.25,0.9796650717703349
283,0.5,0.9760765550239234
283,0.75,0.9754784688995215
283,1,0.9748803827751196
284,0.25,0.9832535885167464
284,0.5,0.979066985645933
284,0.75,0.9772727272727273
284,1,0.9772727272727273
285,0.25,0.9826555023923444
285,0.5,0.9802631578947368
285,0.75,0.9778708133971292
285,1,0.9772727272727273
286,0.25,0.9838516746411483
286,0.5,0.9820574162679426
286,0.75,0.9808612440191388
286,1,0.9802631578947368
287,0.25,0.9832535885167464
287,0.5,0.9808612440191388
287,0.75,0.9808612440191388
287,1,0.9802631578947368
288,0.25,0.9814593301435407
288,0.5,0.9796650717703349
288,0.75,0.9814593301435407
288,1,0.9802631578947368
289,0.25,0.986244019138756
289,0.5,0.9832535885167464
289,0.75,0.9820574162679426
289,1,0.979066985645933
290,0.25,0.9838516746411483
290,0.5,0.9808612440191388
290,0.75,0.9802631578947368
290,1,0.9778708133971292
291,0.25,0.9850478468899522
291,0.5,0.9826555023923444
291,0.75,0.9832535885167464
291,1,0.9814593301435407
292,0.25,0.9802631578947368
292,0.5,0.9796650717703349
292,0.75,0.9772727272727273
292,1,0.9772727272727273
293,0.25,0.979066985645933
293,0.5,0.9766746411483254
293,0.75,0.9766746411483254
293,1,0.9760765550239234
294,0.25,0.9784688995215312
294,0.5,0.9778708133971292
294,0.75,0.9772727272727273
294,1,0.9766746411483254
295,0.25,0.9772727272727273
295,0.5,0.9760765550239234
295,0.75,0.9754784688995215
295,1,0.9742822966507177
296,0.25,0.9778708133971292
296,0.5,0.9772727272727273
296,0.75,0.9778708133971292
296,1,0.9760765550239234
297,0.25,0.9844497607655502
297,0.5,0.9814593301435407
297,0.75,0.9808612440191388
297,1,0.9778708133971292
298,0.25,0.9844497607655502
298,0.5,0.9814593301435407
298,0.75,0.9796650717703349
298,1,0.979066985645933
299,0.25,0.9778708133971292
299,0.5,0.9778708133971292
299,0.75,0.9766746411483254
299,1,0.9760765550239234
300,0.25,0.986244019138756
300,0.5,0.9838516746411483
300,0.75,0.9820574162679426
300,1,0.979066985645933
301,0.25,0.9814593301435407
301,0.5,0.979066985645933
301,0.75,0.9796650717703349
301,1,0.979066985645933
302,0.25,0.9796650717703349
302,0.5,0.9766746411483254
302,0.75,0.9772727272727273
302,1,0.9760765550239234
303,0.25,0.9796650717703349
303,0.5,0.9796650717703349
303,0.75,0.9796650717703349
303,1,0.9778708133971292
304,0.25,0.9802631578947368
304,0.5,0.9802631578947368
304,0.75,0.9784688995215312
304,1,0.9784688995215312
305,0.25,0.979066985645933
305,0.5,0.9748803827751196
305,0.75,0.9736842105263158
305,1,0.9730861244019139
306,0.25,0.9826555023923444
306,0.5,0.9808612440191388
306,0.75,0.9772727272727273
306,1,0.9748803827751196
307,0.25,0.9814593301435407
307,0.5,0.9796650717703349
307,0.75,0.979066985645933
307,1,0.9784688995215312
308,0.25,0.9814593301435407
308,0.5,0.979066985645933
308,0.75,0.979066985645933
308,1,0.9796650717703349
309,0.25,0.9814593301435407
309,0.5,0.9760765550239234
309,0.75,0.9760765550239234
309,1,0.9760765550239234
310,0.25,0.9808612440191388
310,0.5,0.979066985645933
310,0.75,0.9766746411483254
310,1,0.9766746411483254
311,0.25,0.9748803827751196
311,0.5,0.9748803827751196
311,0.75,0.9748803827751196
311,1,0.9730861244019139
312,0.25,0.9850478468899522
312,0.5,0.9844497607655502
312,0.75,0.9814593301435407
312,1,0.9802631578947368
313,0.25,0.9844497607655502
313,0.5,0.9820574162679426
313,0.75,0.9826555023923444
313,1,0.9832535885167464
314,0.25,0.9826555023923444
314,0.5,0.9772727272727273
314,0.75,0.9748803827751196
314,1,0.9742822966507177
315,0.25,0.9820574162679426
315,0.5,0.9778708133971292
315,0.75,0.979066985645933
315,1,0.9778708133971292
316,0.25,0.9802631578947368
316,0.5,0.9784688995215312
316,0.75,0.9802631578947368
316,1,0.9808612440191388
317,0.25,0.9796650717703349
317,0.5,0.9766746411483254
317,0.75,0.979066985645933
317,1,0.9772727272727273
318,0.25,0.9808612440191388
318,0.5,0.9766746411483254
318,0.75,0.9754784688995215
318,1,0.9748803827751196
319,0.25,0.9832535885167464
319,0.5,0.9838516746411483
319,0.75,0.9826555023923444
319,1,0.979066985645933
320,0.25,0.9778708133971292
320,0.5,0.9772727272727273
320,0.75,0.9766746411483254
320,1,0.9748803827751196
321,0.25,0.9826555023923444
321,0.5,0.9766746411483254
321,0.75,0.9766746411483254
321,1,0.9736842105263158
322,0.25,0.9832535885167464
322,0.5,0.9814593301435407
322,0.75,0.9802631578947368
322,1,0.9796650717703349
323,0.25,0.9838516746411483
323,0.5,0.9838516746411483
323,0.75,0.9814593301435407
323,1,0.9802631578947368
324,0.25,0.9838516746411483
324,0.5,0.9796650717703349
324,0.75,0.9796650717703349
324,1,0.9772727272727273
325,0.25,0.9850478468899522
325,0.5,0.9826555023923444
325,0.75,0.9826555023923444
325,1,0.9784688995215312
326,0.25,0.9856459330143541
326,0.5,0.9832535885167464
326,0.75,0.9808612440191388
326,1,0.979066985645933
327,0.25,0.9802631578947368
327,0.5,0.9784688995215312
327,0.75,0.9766746411483254
327,1,0.9742822966507177
328,0.25,0.9820574162679426
328,0.5,0.9784688995215312
328,0.75,0.9772727272727273
328,1,0.9754784688995215
329,0.25,0.9868421052631579
329,0.5,0.9844497607655502
329,0.75,0.9832535885167464
329,1,0.9832535885167464
330,0.25,0.9838516746411483
330,0.5,0.9832535885167464
330,0.75,0.9820574162679426
330,1,0.9796650717703349
331,0.25,0.9814593301435407
331,0.5,0.9796650717703349
331,0.75,0.9808612440191388
331,1,0.9814593301435407
332,0.25,0.9844497607655502
332,0.5,0.9820574162679426
332,0.75,0.9832535885167464
332,1,0.9808612440191388
333,0.25,0.9844497607655502
333,0.5,0.9826555023923444
333,0.75,0.9826555023923444
333,1,0.9820574162679426
334,0.25,0.9820574162679426
334,0.5,0.9796650717703349
334,0.75,0.9784688995215312
334,1,0.9760765550239234
335,0.25,0.9820574162679426
335,0.5,0.9796650717703349
335,0.75,0.9772727272727273
335,1,0.9772727272727273
336,0.25,0.9772727272727273
336,0.5,0.9772727272727273
336,0.75,0.9772727272727273
336,1,0.9772727272727273
337,0.25,0.9814593301435407
337,0.5,0.9778708133971292
337,0.75,0.9772727272727273
337,1,0.9760765550239234
338,0.25,0.9802631578947368
338,0.5,0.9796650717703349
338,0.75,0.9772727272727273
338,1,0.9772727272727273
339,0.25,0.986244019138756
339,0.5,0.9850478468899522
339,0.75,0.986244019138756
339,1,0.9868421052631579
340,0.25,0.9784688995215312
340,0.5,0.9754784688995215
340,0.75,0.9754784688995215
340,1,0.9742822966507177
341,0.25,0.9796650717703349
341,0.5,0.9784688995215312
341,0.75,0.9766746411483254
341,1,0.9778708133971292
342,0.25,0.9826555023923444
342,0.5,0.9796650717703349
342,0.75,0.9766746411483254
342,1,0.9772727272727273
343,0.25,0.9838516746411483
343,0.5,0.979066985645933
343,0.75,0.9784688995215312
343,1,0.9784688995215312
344,0.25,0.9796650717703349
344,0.5,0.9772727272727273
344,0.75,0.9766746411483254
344,1,0.9766746411483254
345,0.25,0.9778708133971292
345,0.5,0.9742822966507177
345,0.75,0.9736842105263158
345,1,0.972488038277512
346,0.25,0.9814593301435407
346,0.5,0.979066985645933
346,0.75,0.9784688995215312
346,1,0.9796650717703349
347,0.25,0.9754784688995215
347,0.5,0.9748803827751196
347,0.75,0.972488038277512
347,1,0.972488038277512
348,0.25,0.9826555023923444
348,0.5,0.9772727272727273
348,0.75,0.9754784688995215
348,1,0.9760765550239234
349,0.25,0.9784688995215312
349,0.5,0.9754784688995215
349,0.75,0.9748803827751196
349,1,0.9730861244019139
350,0.25,0.9844497607655502
350,0.5,0.9826555023923444
350,0.75,0.9778708133971292
350,1,0.9742822966507177
351,0.25,0.9772727272727273
351,0.5,0.9766746411483254
351,0.75,0.9748803827751196
351,1,0.9760765550239234
352,0.25,0.9850478468899522
352,0.5,0.9838516746411483
352,0.75,0.9814593301435407
352,1,0.9814593301435407
353,0.25,0.9784688995215312
353,0.5,0.9784688995215312
353,0.75,0.9778708133971292
353,1,0.9760765550239234
354,0.25,0.9826555023923444
354,0.5,0.9802631578947368
354,0.75,0.9802631578947368
354,1,0.9784688995215312
355,0.25,0.9796650717703349
355,0.5,0.9772727272727273
355,0.75,0.9778708133971292
355,1,0.9778708133971292
356,0.25,0.9808612440191388
356,0.5,0.9760765550239234
356,0.75,0.9754784688995215
356,1,0.9760765550239234
357,0.25,0.9808612440191388
357,0.5,0.9766746411483254
357,0.75,0.9760765550239234
357,1,0.9766746411483254
358,0.25,0.9820574162679426
358,0.5,0.9808612440191388
358,0.75,0.9814593301435407
358,1,0.9814593301435407
359,0.25,0.9814593301435407
359,0.5,0.9796650717703349
359,0.75,0.9802631578947368
359,1,0.9808612440191388
360,0.25,0.9844497607655502
360,0.5,0.9838516746411483
360,0.75,0.9838516746411483
360,1,0.9814593301435407
361,0.25,0.979066985645933
361,0.5,0.979066985645933
361,0.75,0.9772727272727273
361,1,0.9766746411483254
362,0.25,0.9778708133971292
362,0.5,0.9748803827751196
362,0.75,0.9742822966507177
362,1,0.9748803827751196
363,0.25,0.9898325358851675
363,0.5,0.9880382775119617
363,0.75,0.9868421052631579
363,1,0.986244019138756
364,0.25,0.979066985645933
364,0.5,0.9778708133971292
364,0.75,0.9742822966507177
364,1,0.9736842105263158
365,0.25,0.9778708133971292
365,0.5,0.9760765550239234
365,0.75,0.9754784688995215
365,1,0.9748803827751196
366,0.25,0.9856459330143541
366,0.5,0.986244019138756
366,0.75,0.9856459330143541
366,1,0.9856459330143541
367,0.25,0.9778708133971292
367,0.5,0.9766746411483254
367,0.75,0.9772727272727273
367,1,0.9760765550239234
368,0.25,0.986244019138756
368,0.5,0.9850478468899522
368,0.75,0.9820574162679426
368,1,0.9802631578947368
369,0.25,0.9850478468899522
369,0.5,0.9832535885167464
369,0.75,0.9772727272727273
369,1,0.9784688995215312
370,0.25,0.9814593301435407
370,0.5,0.979066985645933
370,0.75,0.9772727272727273
370,1,0.9772727272727273
371,0.25,0.9820574162679426
371,0.5,0.979066985645933
371,0.75,0.9772727272727273
371,1,0.9766746411483254
372,0.25,0.9814593301435407
372,0.5,0.9814593301435407
372,0.75,0.9808612440191388
372,1,0.9820574162679426
373,0.25,0.9784688995215312
373,0.5,0.9766746411483254
373,0.75,0.9754784688995215
373,1,0.9760765550239234
374,0.25,0.9814593301435407
374,0.5,0.9778708133971292
374,0.75,0.9778708133971292
374,1,0.9754784688995215
375,0.25,0.9826555023923444
375,0.5,0.9808612440191388
375,0.75,0.9796650717703349
375,1,0.9766746411483254
376,0.25,0.9880382775119617
376,0.5,0.9844497607655502
376,0.75,0.9832535885167464
376,1,0.9826555023923444
377,0.25,0.9808612440191388
377,0.5,0.9772727272727273
377,0.75,0.9766746411483254
377,1,0.9736842105263158
378,0.25,0.9838516746411483
378,0.5,0.9814593301435407
378,0.75,0.9784688995215312
378,1,0.9784688995215312
379,0.25,0.9838516746411483
379,0.5,0.9814593301435407
379,0.75,0.9808612440191388
379,1,0.9814593301435407
380,0.25,0.9784688995215312
380,0.5,0.9796650717703349
380,0.75,0.9784688995215312
380,1,0.9784688995215312
381,0.25,0.9766746411483254
381,0.5,0.9730861244019139
381,0.75,0.9712918660287081
381,1,0.972488038277512
382,0.25,0.9796650717703349
382,0.5,0.9766746411483254
382,0.75,0.9778708133971292
382,1,0.979066985645933
383,0.25,0.9820574162679426
383,0.5,0.9796650717703349
383,0.75,0.9772727272727273
383,1,0.9772727272727273
384,0.25,0.9796650717703349
384,0.5,0.9784688995215312
384,0.75,0.9766746411483254
384,1,0.9748803827751196
385,0.25,0.9802631578947368
385,0.5,0.9766746411483254
385,0.75,0.9754784688995215
385,1,0.9760765550239234
386,0.25,0.9802631578947368
386,0.5,0.9766746411483254
386,0.75,0.9772727272727273
386,1,0.9730861244019139
387,0.25,0.9802631578947368
387,0.5,0.9772727272727273
387,0.75,0.9754784688995215
387,1,0.9748803827751196
388,0.25,0.9850478468899522
388,0.5,0.9820574162679426
388,0.75,0.9814593301435407
388,1,0.9814593301435407
389,0.25,0.9844497607655502
389,0.5,0.9832535885167464
389,0.75,0.9796650717703349
389,1,0.9820574162679426
390,0.25,0.9802631578947368
390,0.5,0.9772727272727273
390,0.75,0.9778708133971292
390,1,0.9748803827751196
391,0.25,0.9748803827751196
391,0.5,0.9748803827751196
391,0.75,0.9742822966507177
391,1,0.9748803827751196
392,0.25,0.9814593301435407
392,0.5,0.979066985645933
392,0.75,0.979066985645933
392,1,0.979066985645933
393,0.25,0.9838516746411483
393,0.5,0.9802631578947368
393,0.75,0.9772727272727273
393,1,0.9778708133971292
394,0.25,0.9814593301435407
394,0.5,0.979066985645933
394,0.75,0.9796650717703349
394,1,0.9796650717703349
395,0.25,0.9802631578947368
395,0.5,0.9778708133971292
395,0.75,0.9760765550239234
395,1,0.9736842105263158
396,0.25,0.979066985645933
396,0.5,0.9772727272727273
396,0.75,0.9754784688995215
396,1,0.9736842105263158
397,0.25,0.9694976076555024
397,0.5,0.965311004784689
397,0.75,0.965311004784689
397,1,0.9671052631578947
398,0.25,0.9820574162679426
398,0.5,0.9808612440191388
398,0.75,0.9808612440191388
398,1,0.9808612440191388
399,0.25,0.9778708133971292
399,0.5,0.9766746411483254
399,0.75,0.9766746411483254
399,1,0.9760765550239234
400,0.25,0.9808612440191388
400,0.5,0.9808612440191388
400,0.75,0.9808612440191388
400,1,0.979066985645933
401,0.25,0.9814593301435407
401,0.5,0.9802631578947368
401,0.75,0.9766746411483254
401,1,0.9772727272727273
402,0.25,0.9772727272727273
402,0.5,0.9772727272727273
402,0.75,0.9772727272727273
402,1,0.9772727272727273
403,0.25,0.9844497607655502
403,0.5,0.9826555023923444
403,0.75,0.9820574162679426
403,1,0.9814593301435407
404,0.25,0.9802631578947368
404,0.5,0.9796650717703349
404,0.75,0.9796650717703349
404,1,0.9766746411483254
405,0.25,0.9826555023923444
405,0.5,0.9820574162679426
405,0.75,0.9820574162679426
405,1,0.979066985645933
406,0.25,0.9832535885167464
406,0.5,0.9808612440191388
406,0.75,0.9784688995215312
406,1,0.9778708133971292
407,0.25,0.9802631578947368
407,0.5,0.9778708133971292
407,0.75,0.9766746411483254
407,1,0.9772727272727273
408,0.25,0.986244019138756
408,0.5,0.9844497607655502
408,0.75,0.9826555023923444
408,1,0.9820574162679426
409,0.25,0.9820574162679426
409,0.5,0.979066985645933
409,0.75,0.9778708133971292
409,1,0.9784688995215312
410,0.25,0.9784688995215312
410,0.5,0.9748803827751196
410,0.75,0.9754784688995215
410,1,0.9760765550239234
411,0.25,0.9820574162679426
411,0.5,0.9778708133971292
411,0.75,0.9754784688995215
411,1,0.9736842105263158
412,0.25,0.9838516746411483
412,0.5,0.9826555023923444
412,0.75,0.9838516746411483
412,1,0.9814593301435407
413,0.25,0.9832535885167464
413,0.5,0.9838516746411483
413,0.75,0.9838516746411483
413,1,0.9832535885167464
414,0.25,0.9808612440191388
414,0.5,0.979066985645933
414,0.75,0.9802631578947368
414,1,0.9808612440191388
415,0.25,0.9796650717703349
415,0.5,0.9754784688995215
415,0.75,0.9748803827751196
415,1,0.97188995215311
416,0.25,0.9796650717703349
416,0.5,0.9778708133971292
416,0.75,0.9730861244019139
416,1,0.972488038277512
417,0.25,0.9820574162679426
417,0.5,0.979066985645933
417,0.75,0.9784688995215312
417,1,0.9772727272727273
418,0.25,0.9832535885167464
418,0.5,0.9820574162679426
418,0.75,0.9802631578947368
418,1,0.979066985645933
419,0.25,0.9802631578947368
419,0.5,0.9778708133971292
419,0.75,0.9796650717703349
419,1,0.9778708133971292
420,0.25,0.9796650717703349
420,0.5,0.979066985645933
420,0.75,0.9778708133971292
420,1,0.9766746411483254
421,0.25,0.9826555023923444
421,0.5,0.9820574162679426
421,0.75,0.9808612440191388
421,1,0.9796650717703349
422,0.25,0.9844497607655502
422,0.5,0.9850478468899522
422,0.75,0.9814593301435407
422,1,0.9808612440191388
423,0.25,0.9772727272727273
423,0.5,0.9736842105263158
423,0.75,0.972488038277512
423,1,0.972488038277512
424,0.25,0.9826555023923444
424,0.5,0.9796650717703349
424,0.75,0.9796650717703349
424,1,0.9772727272727273
425,0.25,0.9784688995215312
425,0.5,0.9748803827751196
425,0.75,0.9748803827751196
425,1,0.9748803827751196
426,0.25,0.986244019138756
426,0.5,0.9814593301435407
426,0.75,0.9814593301435407
426,1,0.9802631578947368
427,0.25,0.9826555023923444
427,0.5,0.979066985645933
427,0.75,0.9778708133971292
427,1,0.9772727272727273
428,0.25,0.9820574162679426
428,0.5,0.9784688995215312
428,0.75,0.9772727272727273
428,1,0.9754784688995215
429,0.25,0.9856459330143541
429,0.5,0.9826555023923444
429,0.75,0.9808612440191388
429,1,0.9784688995215312
430,0.25,0.9808612440191388
430,0.5,0.979066985645933
430,0.75,0.9796650717703349
430,1,0.9796650717703349
431,0.25,0.9826555023923444
431,0.5,0.979066985645933
431,0.75,0.9796650717703349
431,1,0.9778708133971292
432,0.25,0.9766746411483254
432,0.5,0.9754784688995215
432,0.75,0.9766746411483254
432,1,0.97188995215311
433,0.25,0.9796650717703349
433,0.5,0.9760765550239234
433,0.75,0.9754784688995215
433,1,0.9760765550239234
434,0.25,0.9844497607655502
434,0.5,0.9808612440191388
434,0.75,0.9796650717703349
434,1,0.9796650717703349
435,0.25,0.9748803827751196
435,0.5,0.9754784688995215
435,0.75,0.9730861244019139
435,1,0.9748803827751196
436,0.25,0.9886363636363636
436,0.5,0.9868421052631579
436,0.75,0.9838516746411483
436,1,0.9814593301435407
437,0.25,0.9784688995215312
437,0.5,0.9754784688995215
437,0.75,0.9742822966507177
437,1,0.9736842105263158
438,0.25,0.9826555023923444
438,0.5,0.9838516746411483
438,0.75,0.9826555023923444
438,1,0.9820574162679426
439,0.25,0.9820574162679426
439,0.5,0.9784688995215312
439,0.75,0.9772727272727273
439,1,0.9754784688995215
440,0.25,0.9784688995215312
440,0.5,0.9772727272727273
440,0.75,0.9772727272727273
440,1,0.9778708133971292
441,0.25,0.9820574162679426
441,0.5,0.9802631578947368
441,0.75,0.9796650717703349
441,1,0.9766746411483254
442,0.25,0.9886363636363636
442,0.5,0.9856459330143541
442,0.75,0.986244019138756
442,1,0.9850478468899522
443,0.25,0.979066985645933
443,0.5,0.9748803827751196
443,0.75,0.9754784688995215
443,1,0.9760765550239234
444,0.25,0.9730861244019139
444,0.5,0.9706937799043063
444,0.75,0.97188995215311
444,1,0.97188995215311
445,0.25,0.9832535885167464
445,0.5,0.9814593301435407
445,0.75,0.9802631578947368
445,1,0.9778708133971292
446,0.25,0.9814593301435407
446,0.5,0.9814593301435407
446,0.75,0.9802631578947368
446,1,0.979066985645933
447,0.25,0.9826555023923444
447,0.5,0.9808612440191388
447,0.75,0.979066985645933
447,1,0.9784688995215312
448,0.25,0.9814593301435407
448,0.5,0.9772727272727273
448,0.75,0.9754784688995215
448,1,0.9742822966507177
449,0.25,0.9820574162679426
449,0.5,0.9832535885167464
449,0.75,0.9832535885167464
449,1,0.9802631578947368
450,0.25,0.9814593301435407
450,0.5,0.9796650717703349
450,0.75,0.9778708133971292
450,1,0.9778708133971292
451,0.25,0.9826555023923444
451,0.5,0.9808612440191388
451,0.75,0.9796650717703349
451,1,0.9772727272727273
452,0.25,0.9766746411483254
452,0.5,0.9778708133971292
452,0.75,0.9796650717703349
452,1,0.979066985645933
453,0.25,0.9832535885167464
453,0.5,0.9814593301435407
453,0.75,0.9820574162679426
453,1,0.9820574162679426
454,0.25,0.979066985645933
454,0.5,0.9778708133971292
454,0.75,0.9742822966507177
454,1,0.9736842105263158
455,0.25,0.979066985645933
455,0.5,0.9736842105263158
455,0.75,0.97188995215311
455,1,0.9712918660287081
456,0.25,0.9832535885167464
456,0.5,0.9784688995215312
456,0.75,0.9772727272727273
456,1,0.9736842105263158
457,0.25,0.9838516746411483
457,0.5,0.9838516746411483
457,0.75,0.9814593301435407
457,1,0.9808612440191388
458,0.25,0.9832535885167464
458,0.5,0.9826555023923444
458,0.75,0.9796650717703349
458,1,0.9802631578947368
459,0.25,0.9766746411483254
459,0.5,0.9748803827751196
459,0.75,0.9766746411483254
459,1,0.9760765550239234
460,0.25,0.979066985645933
460,0.5,0.9760765550239234
460,0.75,0.9748803827751196
460,1,0.9736842105263158
461,0.25,0.9856459330143541
461,0.5,0.9838516746411483
461,0.75,0.9820574162679426
461,1,0.9820574162679426
462,0.25,0.9796650717703349
462,0.5,0.9802631578947368
462,0.75,0.9796650717703349
462,1,0.979066985645933
463,0.25,0.9814593301435407
463,0.5,0.9778708133971292
463,0.75,0.9772727272727273
463,1,0.9766746411483254
464,0.25,0.9838516746411483
464,0.5,0.9796650717703349
464,0.75,0.9796650717703349
464,1,0.979066985645933
465,0.25,0.9784688995215312
465,0.5,0.9754784688995215
465,0.75,0.9754784688995215
465,1,0.9760765550239234
466,0.25,0.9784688995215312
466,0.5,0.9748803827751196
466,0.75,0.9754784688995215
466,1,0.9760765550239234
467,0.25,0.9850478468899522
467,0.5,0.9850478468899522
467,0.75,0.9838516746411483
467,1,0.9844497607655502
468,0.25,0.9766746411483254
468,0.5,0.9766746411483254
468,0.75,0.9742822966507177
468,1,0.9742822966507177
469,0.25,0.986244019138756
469,0.5,0.9826555023923444
469,0.75,0.9802631578947368
469,1,0.9802631578947368
470,0.25,0.9844497607655502
470,0.5,0.9856459330143541
470,0.75,0.9844497607655502
470,1,0.9808612440191388
471,0.25,0.9772727272727273
471,0.5,0.9766746411483254
471,0.75,0.9772727272727273
471,1,0.9784688995215312
472,0.25,0.9832535885167464
472,0.5,0.9808612440191388
472,0.75,0.9820574162679426
472,1,0.9802631578947368
473,0.25,0.979066985645933
473,0.5,0.9778708133971292
473,0.75,0.979066985645933
473,1,0.9772727272727273
474,0.25,0.9820574162679426
474,0.5,0.9826555023923444
474,0.75,0.9802631578947368
474,1,0.979066985645933
475,0.25,0.9832535885167464
475,0.5,0.9832535885167464
475,0.75,0.9838516746411483
475,1,0.9832535885167464
476,0.25,0.9856459330143541
476,0.5,0.9820574162679426
476,0.75,0.9796650717703349
476,1,0.9784688995215312
477,0.25,0.9778708133971292
477,0.5,0.9784688995215312
477,0.75,0.979066985645933
477,1,0.9784688995215312
478,0.25,0.9904306220095693
478,0.5,0.9904306220095693
478,0.75,0.9886363636363636
478,1,0.9886363636363636
479,0.25,0.9772727272727273
479,0.5,0.9736842105263158
479,0.75,0.9748803827751196
479,1,0.9736842105263158
480,0.25,0.9748803827751196
480,0.5,0.9766746411483254
480,0.75,0.9736842105263158
480,1,0.9748803827751196
481,0.25,0.9784688995215312
481,0.5,0.9754784688995215
481,0.75,0.9754784688995215
481,1,0.9748803827751196
482,0.25,0.9808612440191388
482,0.5,0.979066985645933
482,0.75,0.979066985645933
482,1,0.9772727272727273
483,0.25,0.9802631578947368
483,0.5,0.9796650717703349
483,0.75,0.9796650717703349
483,1,0.9802631578947368
484,0.25,0.9784688995215312
484,0.5,0.9778708133971292
484,0.75,0.9754784688995215
484,1,0.9754784688995215
485,0.25,0.9796650717703349
485,0.5,0.9766746411483254
485,0.75,0.9754784688995215
485,1,0.9742822966507177
486,0.25,0.9808612440191388
486,0.5,0.9796650717703349
486,0.75,0.9778708133971292
486,1,0.9784688995215312
487,0.25,0.9784688995215312
487,0.5,0.9748803827751196
487,0.75,0.9754784688995215
487,1,0.972488038277512
488,0.25,0.9844497607655502
488,0.5,0.9838516746411483
488,0.75,0.9838516746411483
488,1,0.9826555023923444
489,0.25,0.9802631578947368
489,0.5,0.9778708133971292
489,0.75,0.9748803827751196
489,1,0.9754784688995215
490,0.25,0.9844497607655502
490,0.5,0.9808612440191388
490,0.75,0.9808612440191388
490,1,0.9808612440191388
491,0.25,0.9814593301435407
491,0.5,0.9802631578947368
491,0.75,0.979066985645933
491,1,0.9784688995215312
492,0.25,0.9796650717703349
492,0.5,0.9784688995215312
492,0.75,0.9778708133971292
492,1,0.9778708133971292
493,0.25,0.9820574162679426
493,0.5,0.9796650717703349
493,0.75,0.9766746411483254
493,1,0.9766746411483254
494,0.25,0.9832535885167464
494,0.5,0.9814593301435407
494,0.75,0.9808612440191388
494,1,0.979066985645933
495,0.25,0.9838516746411483
495,0.5,0.9814593301435407
495,0.75,0.9814593301435407
495,1,0.9796650717703349
496,0.25,0.9832535885167464
496,0.5,0.9814593301435407
496,0.75,0.9814593301435407
496,1,0.9802631578947368
497,0.25,0.9844497607655502
497,0.5,0.9838516746411483
497,0.75,0.9808612440191388
497,1,0.9802631578947368
498,0.25,0.9826555023923444
498,0.5,0.9796650717703349
498,0.75,0.9784688995215312
498,1,0.9772727272727273
499,0.25,0.9832535885167464
499,0.5,0.9808612440191388
499,0.75,0.9772727272727273
499,1,0.9772727272727273
500,0.25,0.9784688995215312
500,0.5,0.9772727272727273
500,0.75,0.9766746411483254
500,1,0.9754784688995215
501,0.25,0.979066985645933
501,0.5,0.9784688995215312
501,0.75,0.9766746411483254
501,1,0.9766746411483254
502,0.25,0.9892344497607656
502,0.5,0.9874401913875598
502,0.75,0.986244019138756
502,1,0.986244019138756
503,0.25,0.9814593301435407
503,0.5,0.9766746411483254
503,0.75,0.9742822966507177
503,1,0.9748803827751196
504,0.25,0.9796650717703349
504,0.5,0.9772727272727273
504,0.75,0.9748803827751196
504,1,0.9730861244019139
505,0.25,0.9826555023923444
505,0.5,0.9826555023923444
505,0.75,0.9820574162679426
505,1,0.9832535885167464
506,0.25,0.9802631578947368
506,0.5,0.9772727272727273
506,0.75,0.9772727272727273
506,1,0.9742822966507177
507,0.25,0.979066985645933
507,0.5,0.9754784688995215
507,0.75,0.9760765550239234
507,1,0.9742822966507177
508,0.25,0.9808612440191388
508,0.5,0.9802631578947368
508,0.75,0.9778708133971292
508,1,0.979066985645933
509,0.25,0.9814593301435407
509,0.5,0.9808612440191388
509,0.75,0.9796650717703349
509,1,0.9772727272727273
510,0.25,0.9814593301435407
510,0.5,0.9772727272727273
510,0.75,0.9778708133971292
510,1,0.9784688995215312
511,0.25,0.9814593301435407
511,0.5,0.9796650717703349
511,0.75,0.9808612440191388
511,1,0.9778708133971292
512,0.25,0.9856459330143541
512,0.5,0.9838516746411483
512,0.75,0.9844497607655502
512,1,0.9826555023923444
513,0.25,0.9868421052631579
513,0.5,0.9868421052631579
513,0.75,0.9850478468899522
513,1,0.9850478468899522
514,0.25,0.9820574162679426
514,0.5,0.9796650717703349
514,0.75,0.9784688995215312
514,1,0.9772727272727273
515,0.25,0.9826555023923444
515,0.5,0.9796650717703349
515,0.75,0.979066985645933
515,1,0.9778708133971292
516,0.25,0.9814593301435407
516,0.5,0.9814593301435407
516,0.75,0.9802631578947368
516,1,0.9802631578947368
517,0.25,0.9856459330143541
517,0.5,0.9838516746411483
517,0.75,0.9838516746411483
517,1,0.9832535885167464
518,0.25,0.9826555023923444
518,0.5,0.9802631578947368
518,0.75,0.979066985645933
518,1,0.9784688995215312
519,0.25,0.9850478468899522
519,0.5,0.9826555023923444
519,0.75,0.9820574162679426
519,1,0.9838516746411483
520,0.25,0.9856459330143541
520,0.5,0.9850478468899522
520,0.75,0.9838516746411483
520,1,0.9820574162679426
521,0.25,0.9808612440191388
521,0.5,0.9802631578947368
521,0.75,0.979066985645933
521,1,0.979066985645933
522,0.25,0.9796650717703349
522,0.5,0.979066985645933
522,0.75,0.9772727272727273
522,1,0.9772727272727273
523,0.25,0.9838516746411483
523,0.5,0.9808612440191388
523,0.75,0.9796650717703349
523,1,0.979066985645933
524,0.25,0.9844497607655502
524,0.5,0.9838516746411483
524,0.75,0.9808612440191388
524,1,0.9802631578947368
525,0.25,0.9844497607655502
525,0.5,0.9808612440191388
525,0.75,0.979066985645933
525,1,0.9808612440191388
526,0.25,0.9808612440191388
526,0.5,0.9760765550239234
526,0.75,0.9742822966507177
526,1,0.9754784688995215
527,0.25,0.9808612440191388
527,0.5,0.9808612440191388
527,0.75,0.9802631578947368
527,1,0.9796650717703349
528,0.25,0.9766746411483254
528,0.5,0.9742822966507177
528,0.75,0.9712918660287081
528,1,0.97188995215311
529,0.25,0.986244019138756
529,0.5,0.9844497607655502
529,0.75,0.9826555023923444
529,1,0.9814593301435407
530,0.25,0.9796650717703349
530,0.5,0.9808612440191388
530,0.75,0.9784688995215312
530,1,0.9766746411483254
531,0.25,0.9778708133971292
531,0.5,0.9730861244019139
531,0.75,0.9748803827751196
531,1,0.9742822966507177
532,0.25,0.9808612440191388
532,0.5,0.9754784688995215
532,0.75,0.9742822966507177
532,1,0.97188995215311
533,0.25,0.9808612440191388
533,0.5,0.979066985645933
533,0.75,0.9784688995215312
533,1,0.9778708133971292
534,0.25,0.9826555023923444
534,0.5,0.9820574162679426
534,0.75,0.9808612440191388
534,1,0.9814593301435407
535,0.25,0.9868421052631579
535,0.5,0.9826555023923444
535,0.75,0.979066985645933
535,1,0.979066985645933
536,0.25,0.9832535885167464
536,0.5,0.9826555023923444
536,0.75,0.9808612440191388
536,1,0.9826555023923444
537,0.25,0.9808612440191388
537,0.5,0.9814593301435407
537,0.75,0.9802631578947368
537,1,0.9784688995215312
538,0.25,0.9850478468899522
538,0.5,0.9832535885167464
538,0.75,0.9820574162679426
538,1,0.9814593301435407
539,0.25,0.9826555023923444
539,0.5,0.9796650717703349
539,0.75,0.9784688995215312
539,1,0.9784688995215312
540,0.25,0.9754784688995215
540,0.5,0.9730861244019139
540,0.75,0.972488038277512
540,1,0.9742822966507177
541,0.25,0.9802631578947368
541,0.5,0.9778708133971292
541,0.75,0.979066985645933
541,1,0.9766746411483254
542,0.25,0.9784688995215312
542,0.5,0.9748803827751196
542,0.75,0.972488038277512
542,1,0.9730861244019139
543,0.25,0.9808612440191388
543,0.5,0.9778708133971292
543,0.75,0.9766746411483254
543,1,0.9766746411483254
544,0.25,0.9850478468899522
544,0.5,0.9838516746411483
544,0.75,0.9832535885167464
544,1,0.9820574162679426
545,0.25,0.9838516746411483
545,0.5,0.9814593301435407
545,0.75,0.9802631578947368
545,1,0.9808612440191388
546,0.25,0.9808612440191388
546,0.5,0.9778708133971292
546,0.75,0.9772727272727273
546,1,0.9742822966507177
547,0.25,0.9796650717703349
547,0.5,0.9778708133971292
547,0.75,0.9760765550239234
547,1,0.9736842105263158
548,0.25,0.9820574162679426
548,0.5,0.9820574162679426
548,0.75,0.9802631578947368
548,1,0.9778708133971292
549,0.25,0.9820574162679426
549,0.5,0.9808612440191388
549,0.75,0.9784688995215312
549,1,0.9760765550239234
550,0.25,0.9808612440191388
550,0.5,0.9766746411483254
550,0.75,0.9784688995215312
550,1,0.9760765550239234
551,0.25,0.9808612440191388
551,0.5,0.9802631578947368
551,0.75,0.9808612440191388
551,1,0.9772727272727273
552,0.25,0.979066985645933
552,0.5,0.9778708133971292
552,0.75,0.9772727272727273
552,1,0.9766746411483254
553,0.25,0.9814593301435407
553,0.5,0.9796650717703349
553,0.75,0.9772727272727273
553,1,0.9772727272727273
554,0.25,0.9838516746411483
554,0.5,0.9826555023923444
554,0.75,0.9832535885167464
554,1,0.9838516746411483
555,0.25,0.9850478468899522
555,0.5,0.9844497607655502
555,0.75,0.9832535885167464
555,1,0.9826555023923444
556,0.25,0.9856459330143541
556,0.5,0.9844497607655502
556,0.75,0.9832535885167464
556,1,0.9826555023923444
557,0.25,0.9808612440191388
557,0.5,0.979066985645933
557,0.75,0.9766746411483254
557,1,0.9754784688995215
558,0.25,0.9814593301435407
558,0.5,0.9808612440191388
558,0.75,0.9808612440191388
558,1,0.9796650717703349
559,0.25,0.9844497607655502
559,0.5,0.9826555023923444
559,0.75,0.9820574162679426
559,1,0.9820574162679426
560,0.25,0.9832535885167464
560,0.5,0.979066985645933
560,0.75,0.9772727272727273
560,1,0.9754784688995215
561,0.25,0.979066985645933
561,0.5,0.9760765550239234
561,0.75,0.9748803827751196
561,1,0.9730861244019139
562,0.25,0.979066985645933
562,0.5,0.979066985645933
562,0.75,0.979066985645933
562,1,0.979066985645933
563,0.25,0.9850478468899522
563,0.5,0.9808612440191388
563,0.75,0.9826555023923444
563,1,0.9796650717703349
564,0.25,0.9838516746411483
564,0.5,0.9814593301435407
564,0.75,0.9820574162679426
564,1,0.979066985645933
565,0.25,0.9838516746411483
565,0.5,0.9826555023923444
565,0.75,0.9784688995215312
565,1,0.9778708133971292
566,0.25,0.9820574162679426
566,0.5,0.979066985645933
566,0.75,0.9820574162679426
566,1,0.9796650717703349
567,0.25,0.9796650717703349
567,0.5,0.9760765550239234
567,0.75,0.9748803827751196
567,1,0.9730861244019139
568,0.25,0.9784688995215312
568,0.5,0.9748803827751196
568,0.75,0.9742822966507177
568,1,0.97188995215311
569,0.25,0.9766746411483254
569,0.5,0.9760765550239234
569,0.75,0.9754784688995215
569,1,0.97188995215311
570,0.25,0.9808612440191388
570,0.5,0.9784688995215312
570,0.75,0.9778708133971292
570,1,0.9778708133971292
571,0.25,0.979066985645933
571,0.5,0.9760765550239234
571,0.75,0.9754784688995215
571,1,0.9766746411483254
572,0.25,0.9814593301435407
572,0.5,0.9778708133971292
572,0.75,0.9772727272727273
572,1,0.9772727272727273
573,0.25,0.9814593301435407
573,0.5,0.9772727272727273
573,0.75,0.9766746411483254
573,1,0.9730861244019139
574,0.25,0.9796650717703349
574,0.5,0.9754784688995215
574,0.75,0.9772727272727273
574,1,0.9754784688995215
575,0.25,0.9772727272727273
575,0.5,0.9748803827751196
575,0.75,0.9766746411483254
575,1,0.9772727272727273
576,0.25,0.9838516746411483
576,0.5,0.9808612440191388
576,0.75,0.9772727272727273
576,1,0.9766746411483254
577,0.25,0.9832535885167464
577,0.5,0.9796650717703349
577,0.75,0.9802631578947368
577,1,0.9778708133971292
578,0.25,0.9850478468899522
578,0.5,0.9850478468899522
578,0.75,0.986244019138756
578,1,0.9844497607655502
579,0.25,0.9802631578947368
579,0.5,0.9802631578947368
579,0.75,0.9784688995215312
579,1,0.9772727272727273
580,0.25,0.9838516746411483
580,0.5,0.9778708133971292
580,0.75,0.9760765550239234
580,1,0.9736842105263158
581,0.25,0.9802631578947368
581,0.5,0.9778708133971292
581,0.75,0.9766746411483254
581,1,0.9784688995215312
582,0.25,0.9778708133971292
582,0.5,0.9748803827751196
582,0.75,0.9748803827751196
582,1,0.9742822966507177
583,0.25,0.9838516746411483
583,0.5,0.9784688995215312
583,0.75,0.9772727272727273
583,1,0.9754784688995215
584,0.25,0.9844497607655502
584,0.5,0.9826555023923444
584,0.75,0.9802631578947368
584,1,0.9802631578947368
585,0.25,0.9796650717703349
585,0.5,0.9784688995215312
585,0.75,0.9796650717703349
585,1,0.9778708133971292
586,0.25,0.9814593301435407
586,0.5,0.9778708133971292
586,0.75,0.9772727272727273
586,1,0.9766746411483254
587,0.25,0.979066985645933
587,0.5,0.9748803827751196
587,0.75,0.9760765550239234
587,1,0.9736842105263158
588,0.25,0.9820574162679426
588,0.5,0.9796650717703349
588,0.75,0.9778708133971292
588,1,0.979066985645933
589,0.25,0.9766746411483254
589,0.5,0.9760765550239234
589,0.75,0.9754784688995215
589,1,0.9748803827751196
590,0.25,0.979066985645933
590,0.5,0.979066985645933
590,0.75,0.9778708133971292
590,1,0.9778708133971292
591,0.25,0.979066985645933
591,0.5,0.9784688995215312
591,0.75,0.9784688995215312
591,1,0.9742822966507177
592,0.25,0.9808612440191388
592,0.5,0.9784688995215312
592,0.75,0.9772727272727273
592,1,0.9754784688995215
593,0.25,0.9844497607655502
593,0.5,0.9844497607655502
593,0.75,0.9832535885167464
593,1,0.9826555023923444
594,0.25,0.9820574162679426
594,0.5,0.9826555023923444
594,0.75,0.9796650717703349
594,1,0.9772727272727273
595,0.25,0.9772727272727273
595,0.5,0.9772727272727273
595,0.75,0.9742822966507177
595,1,0.9736842105263158
596,0.25,0.979066985645933
596,0.5,0.9796650717703349
596,0.75,0.979066985645933
596,1,0.9766746411483254
597,0.25,0.9850478468899522
597,0.5,0.9844497607655502
597,0.75,0.9832535885167464
597,1,0.9826555023923444
598,0.25,0.9736842105263158
598,0.5,0.9730861244019139
598,0.75,0.9748803827751196
598,1,0.9730861244019139
599,0.25,0.9784688995215312
599,0.5,0.9760765550239234
599,0.75,0.9742822966507177
599,1,0.9766746411483254
600,0.25,0.9832535885167464
600,0.5,0.9826555023923444
600,0.75,0.9796650717703349
600,1,0.9802631578947368
601,0.25,0.9826555023923444
601,0.5,0.9814593301435407
601,0.75,0.979066985645933
601,1,0.9802631578947368
602,0.25,0.9850478468899522
602,0.5,0.9820574162679426
602,0.75,0.9808612440191388
602,1,0.9808612440191388
603,0.25,0.9826555023923444
603,0.5,0.9808612440191388
603,0.75,0.9772727272727273
603,1,0.9766746411483254
604,0.25,0.9802631578947368
604,0.5,0.9772727272727273
604,0.75,0.9766746411483254
604,1,0.9784688995215312
605,0.25,0.9814593301435407
605,0.5,0.9778708133971292
605,0.75,0.972488038277512
605,1,0.972488038277512
606,0.25,0.9820574162679426
606,0.5,0.9802631578947368
606,0.75,0.9802631578947368
606,1,0.9802631578947368
607,0.25,0.9874401913875598
607,0.5,0.9844497607655502
607,0.75,0.9826555023923444
607,1,0.9808612440191388
608,0.25,0.979066985645933
608,0.5,0.9784688995215312
608,0.75,0.9778708133971292
608,1,0.9772727272727273
609,0.25,0.9802631578947368
609,0.5,0.9796650717703349
609,0.75,0.9784688995215312
609,1,0.979066985645933
610,0.25,0.9850478468899522
610,0.5,0.9814593301435407
610,0.75,0.9796650717703349
610,1,0.979066985645933
611,0.25,0.9832535885167464
611,0.5,0.9796650717703349
611,0.75,0.9778708133971292
611,1,0.9772727272727273
612,0.25,0.9826555023923444
612,0.5,0.9784688995215312
612,0.75,0.9796650717703349
612,1,0.9754784688995215
613,0.25,0.9826555023923444
613,0.5,0.9796650717703349
613,0.75,0.9796650717703349
613,1,0.9778708133971292
614,0.25,0.9826555023923444
614,0.5,0.9820574162679426
614,0.75,0.9802631578947368
614,1,0.9796650717703349
615,0.25,0.9820574162679426
615,0.5,0.9814593301435407
615,0.75,0.9802631578947368
615,1,0.9778708133971292
616,0.25,0.979066985645933
616,0.5,0.9754784688995215
616,0.75,0.9748803827751196
616,1,0.9754784688995215
617,0.25,0.9808612440191388
617,0.5,0.9796650717703349
617,0.75,0.9784688995215312
617,1,0.9766746411483254
618,0.25,0.9856459330143541
618,0.5,0.9832535885167464
618,0.75,0.9820574162679426
618,1,0.9802631578947368
619,0.25,0.9874401913875598
619,0.5,0.9856459330143541
619,0.75,0.9820574162679426
619,1,0.9808612440191388
620,0.25,0.9766746411483254
620,0.5,0.9760765550239234
620,0.75,0.9730861244019139
620,1,0.9748803827751196
621,0.25,0.9796650717703349
621,0.5,0.979066985645933
621,0.75,0.9754784688995215
621,1,0.9748803827751196
622,0.25,0.9832535885167464
622,0.5,0.9814593301435407
622,0.75,0.9820574162679426
622,1,0.9814593301435407
623,0.25,0.9832535885167464
623,0.5,0.9820574162679426
623,0.75,0.9832535885167464
623,1,0.9808612440191388
624,0.25,0.9808612440191388
624,0.5,0.9802631578947368
624,0.75,0.9778708133971292
624,1,0.9766746411483254
625,0.25,0.9766746411483254
625,0.5,0.97188995215311
625,0.75,0.97188995215311
625,1,0.972488038277512
626,0.25,0.9784688995215312
626,0.5,0.9748803827751196
626,0.75,0.9766746411483254
626,1,0.9748803827751196
627,0.25,0.9838516746411483
627,0.5,0.9844497607655502
627,0.75,0.9844497607655502
627,1,0.9838516746411483
628,0.25,0.9826555023923444
628,0.5,0.9808612440191388
628,0.75,0.9820574162679426
628,1,0.9802631578947368
629,0.25,0.9844497607655502
629,0.5,0.9826555023923444
629,0.75,0.9802631578947368
629,1,0.9784688995215312
630,0.25,0.9796650717703349
630,0.5,0.9796650717703349
630,0.75,0.9772727272727273
630,1,0.9766746411483254
631,0.25,0.9844497607655502
631,0.5,0.9844497607655502
631,0.75,0.9832535885167464
631,1,0.9826555023923444
632,0.25,0.9874401913875598
632,0.5,0.9850478468899522
632,0.75,0.9850478468899522
632,1,0.9844497607655502
633,0.25,0.9826555023923444
633,0.5,0.9808612440191388
633,0.75,0.9808612440191388
633,1,0.9796650717703349
634,0.25,0.9802631578947368
634,0.5,0.9778708133971292
634,0.75,0.9772727272727273
634,1,0.9784688995215312
635,0.25,0.9844497607655502
635,0.5,0.9826555023923444
635,0.75,0.9826555023923444
635,1,0.9808612440191388
636,0.25,0.9856459330143541
636,0.5,0.9844497607655502
636,0.75,0.9832535885167464
636,1,0.9826555023923444
637,0.25,0.9826555023923444
637,0.5,0.9796650717703349
637,0.75,0.9802631578947368
637,1,0.9808612440191388
638,0.25,0.9820574162679426
638,0.5,0.9796650717703349
638,0.75,0.9772727272727273
638,1,0.9754784688995215
639,0.25,0.9802631578947368
639,0.5,0.9802631578947368
639,0.75,0.9796650717703349
639,1,0.9772727272727273
640,0.25,0.9778708133971292
640,0.5,0.9784688995215312
640,0.75,0.9784688995215312
640,1,0.979066985645933
641,0.25,0.9808612440191388
641,0.5,0.9760765550239234
641,0.75,0.9766746411483254
641,1,0.9736842105263158
642,0.25,0.9826555023923444
642,0.5,0.9820574162679426
642,0.75,0.9802631578947368
642,1,0.9808612440191388
643,0.25,0.9826555023923444
643,0.5,0.9826555023923444
643,0.75,0.9814593301435407
643,1,0.9820574162679426
644,0.25,0.979066985645933
644,0.5,0.9784688995215312
644,0.75,0.979066985645933
644,1,0.9784688995215312
645,0.25,0.9802631578947368
645,0.5,0.9814593301435407
645,0.75,0.979066985645933
645,1,0.9796650717703349
646,0.25,0.9814593301435407
646,0.5,0.9808612440191388
646,0.75,0.9802631578947368
646,1,0.979066985645933
647,0.25,0.9802631578947368
647,0.5,0.979066985645933
647,0.75,0.9778708133971292
647,1,0.9778708133971292
648,0.25,0.9778708133971292
648,0.5,0.9748803827751196
648,0.75,0.9736842105263158
648,1,0.9760765550239234
649,0.25,0.9766746411483254
649,0.5,0.9760765550239234
649,0.75,0.9784688995215312
649,1,0.9754784688995215
650,0.25,0.9826555023923444
650,0.5,0.9772727272727273
650,0.75,0.9748803827751196
650,1,0.9736842105263158
651,0.25,0.9784688995215312
651,0.5,0.9754784688995215
651,0.75,0.9766746411483254
651,1,0.9754784688995215
652,0.25,0.9838516746411483
652,0.5,0.9814593301435407
652,0.75,0.9820574162679426
652,1,0.9802631578947368
653,0.25,0.9832535885167464
653,0.5,0.9802631578947368
653,0.75,0.9778708133971292
653,1,0.9778708133971292
654,0.25,0.9832535885167464
654,0.5,0.9820574162679426
654,0.75,0.9826555023923444
654,1,0.9802631578947368
655,0.25,0.9844497607655502
655,0.5,0.9850478468899522
655,0.75,0.9832535885167464
655,1,0.9832535885167464
656,0.25,0.9832535885167464
656,0.5,0.9796650717703349
656,0.75,0.9772727272727273
656,1,0.9778708133971292
657,0.25,0.9856459330143541
657,0.5,0.9820574162679426
657,0.75,0.9814593301435407
657,1,0.9802631578947368
658,0.25,0.9772727272727273
658,0.5,0.9754784688995215
658,0.75,0.9772727272727273
658,1,0.9760765550239234
659,0.25,0.9802631578947368
659,0.5,0.979066985645933
659,0.75,0.9802631578947368
659,1,0.979066985645933
660,0.25,0.9814593301435407
660,0.5,0.9778708133971292
660,0.75,0.9772727272727273
660,1,0.9802631578947368
661,0.25,0.9820574162679426
661,0.5,0.9814593301435407
661,0.75,0.9796650717703349
661,1,0.9814593301435407
662,0.25,0.9808612440191388
662,0.5,0.9778708133971292
662,0.75,0.9754784688995215
662,1,0.9766746411483254
663,0.25,0.9814593301435407
663,0.5,0.979066985645933
663,0.75,0.9766746411483254
663,1,0.9778708133971292
664,0.25,0.9850478468899522
664,0.5,0.9820574162679426
664,0.75,0.9820574162679426
664,1,0.9814593301435407
665,0.25,0.9844497607655502
665,0.5,0.9832535885167464
665,0.75,0.9814593301435407
665,1,0.9820574162679426
666,0.25,0.9832535885167464
666,0.5,0.9796650717703349
666,0.75,0.9778708133971292
666,1,0.9784688995215312
667,0.25,0.9832535885167464
667,0.5,0.9784688995215312
667,0.75,0.9778708133971292
667,1,0.9760765550239234
668,0.25,0.979066985645933
668,0.5,0.9760765550239234
668,0.75,0.9772727272727273
668,1,0.9778708133971292
669,0.25,0.9802631578947368
669,0.5,0.9796650717703349
669,0.75,0.9802631578947368
669,1,0.9814593301435407
670,0.25,0.9802631578947368
670,0.5,0.979066985645933
670,0.75,0.9802631578947368
670,1,0.9778708133971292
671,0.25,0.9844497607655502
671,0.5,0.9826555023923444
671,0.75,0.9778708133971292
671,1,0.9742822966507177
672,0.25,0.9784688995215312
672,0.5,0.9778708133971292
672,0.75,0.9766746411483254
672,1,0.9736842105263158
673,0.25,0.9886363636363636
673,0.5,0.9844497607655502
673,0.75,0.9832535885167464
673,1,0.9814593301435407
674,0.25,0.9850478468899522
674,0.5,0.9844497607655502
674,0.75,0.9832535885167464
674,1,0.9826555023923444
675,0.25,0.9850478468899522
675,0.5,0.9850478468899522
675,0.75,0.9838516746411483
675,1,0.9814593301435407
676,0.25,0.9802631578947368
676,0.5,0.979066985645933
676,0.75,0.9778708133971292
676,1,0.9778708133971292
677,0.25,0.9760765550239234
677,0.5,0.9742822966507177
677,0.75,0.9730861244019139
677,1,0.9736842105263158
678,0.25,0.9814593301435407
678,0.5,0.9808612440191388
678,0.75,0.9784688995215312
678,1,0.9760765550239234
679,0.25,0.9832535885167464
679,0.5,0.9796650717703349
679,0.75,0.979066985645933
679,1,0.9760765550239234
680,0.25,0.9814593301435407
680,0.5,0.9796650717703349
680,0.75,0.979066985645933
680,1,0.9784688995215312
681,0.25,0.9796650717703349
681,0.5,0.9772727272727273
681,0.75,0.9766746411483254
681,1,0.9778708133971292
682,0.25,0.9844497607655502
682,0.5,0.9820574162679426
682,0.75,0.9802631578947368
682,1,0.9784688995215312
683,0.25,0.9772727272727273
683,0.5,0.9748803827751196
683,0.75,0.9754784688995215
683,1,0.9748803827751196
684,0.25,0.9826555023923444
684,0.5,0.979066985645933
684,0.75,0.9796650717703349
684,1,0.9784688995215312
685,0.25,0.9772727272727273
685,0.5,0.9778708133971292
685,0.75,0.9736842105263158
685,1,0.9748803827751196
686,0.25,0.9802631578947368
686,0.5,0.9784688995215312
686,0.75,0.9802631578947368
686,1,0.9778708133971292
687,0.25,0.9778708133971292
687,0.5,0.9748803827751196
687,0.75,0.9760765550239234
687,1,0.9736842105263158
688,0.25,0.9808612440191388
688,0.5,0.9796650717703349
688,0.75,0.979066985645933
688,1,0.9796650717703349
689,0.25,0.9814593301435407
689,0.5,0.9814593301435407
689,0.75,0.9796650717703349
689,1,0.979066985645933
690,0.25,0.9844497607655502
690,0.5,0.9838516746411483
690,0.75,0.9832535885167464
690,1,0.9838516746411483
691,0.25,0.9814593301435407
691,0.5,0.979066985645933
691,0.75,0.9772727272727273
691,1,0.9778708133971292
692,0.25,0.9802631578947368
692,0.5,0.9772727272727273
692,0.75,0.9784688995215312
692,1,0.9796650717703349
693,0.25,0.9796650717703349
693,0.5,0.9760765550239234
693,0.75,0.9760765550239234
693,1,0.9766746411483254
694,0.25,0.9796650717703349
694,0.5,0.9784688995215312
694,0.75,0.9760765550239234
694,1,0.9760765550239234
695,0.25,0.9802631578947368
695,0.5,0.9778708133971292
695,0.75,0.9754784688995215
695,1,0.9736842105263158
696,0.25,0.9874401913875598
696,0.5,0.9826555023923444
696,0.75,0.9814593301435407
696,1,0.9796650717703349
697,0.25,0.9802631578947368
697,0.5,0.9808612440191388
697,0.75,0.9808612440191388
697,1,0.9814593301435407
698,0.25,0.979066985645933
698,0.5,0.9778708133971292
698,0.75,0.9766746411483254
698,1,0.9748803827751196
699,0.25,0.9838516746411483
699,0.5,0.9832535885167464
699,0.75,0.9838516746411483
699,1,0.9856459330143541
700,0.25,0.9814593301435407
700,0.5,0.979066985645933
700,0.75,0.9772727272727273
700,1,0.9766746411483254
701,0.25,0.9826555023923444
701,0.5,0.9814593301435407
701,0.75,0.9808612440191388
701,1,0.9802631578947368
702,0.25,0.9808612440191388
702,0.5,0.9802631578947368
702,0.75,0.9784688995215312
702,1,0.9802631578947368
703,0.25,0.9850478468899522
703,0.5,0.9838516746411483
703,0.75,0.9808612440191388
703,1,0.9814593301435407
704,0.25,0.9850478468899522
704,0.5,0.9850478468899522
704,0.75,0.9844497607655502
704,1,0.9844497607655502
705,0.25,0.9802631578947368
705,0.5,0.9760765550239234
705,0.75,0.9736842105263158
705,1,0.9766746411483254
706,0.25,0.9832535885167464
706,0.5,0.9802631578947368
706,0.75,0.9802631578947368
706,1,0.9814593301435407
707,0.25,0.9796650717703349
707,0.5,0.9760765550239234
707,0.75,0.9760765550239234
707,1,0.9736842105263158
708,0.25,0.9844497607655502
708,0.5,0.979066985645933
708,0.75,0.9778708133971292
708,1,0.9772727272727273
709,0.25,0.9802631578947368
709,0.5,0.9748803827751196
709,0.75,0.9742822966507177
709,1,0.9736842105263158
710,0.25,0.9802631578947368
710,0.5,0.979066985645933
710,0.75,0.9796650717703349
710,1,0.9820574162679426
711,0.25,0.9844497607655502
711,0.5,0.9826555023923444
711,0.75,0.9844497607655502
711,1,0.9826555023923444
712,0.25,0.9796650717703349
712,0.5,0.9784688995215312
712,0.75,0.9766746411483254
712,1,0.9772727272727273
713,0.25,0.9802631578947368
713,0.5,0.9784688995215312
713,0.75,0.979066985645933
713,1,0.9784688995215312
714,0.25,0.9784688995215312
714,0.5,0.9778708133971292
714,0.75,0.9778708133971292
714,1,0.9766746411483254
715,0.25,0.979066985645933
715,0.5,0.9754784688995215
715,0.75,0.9712918660287081
715,1,0.9694976076555024
716,0.25,0.9814593301435407
716,0.5,0.9814593301435407
716,0.75,0.979066985645933
716,1,0.9784688995215312
717,0.25,0.9784688995215312
717,0.5,0.9748803827751196
717,0.75,0.9748803827751196
717,1,0.9748803827751196
718,0.25,0.986244019138756
718,0.5,0.9826555023923444
718,0.75,0.9826555023923444
718,1,0.9814593301435407
719,0.25,0.9814593301435407
719,0.5,0.9808612440191388
719,0.75,0.9796650717703349
719,1,0.9796650717703349
720,0.25,0.9844497607655502
720,0.5,0.9814593301435407
720,0.75,0.9826555023923444
720,1,0.9820574162679426
721,0.25,0.9814593301435407
721,0.5,0.9760765550239234
721,0.75,0.9754784688995215
721,1,0.9736842105263158
722,0.25,0.9832535885167464
722,0.5,0.979066985645933
722,0.75,0.9778708133971292
722,1,0.9766746411483254
723,0.25,0.9856459330143541
723,0.5,0.9784688995215312
723,0.75,0.9772727272727273
723,1,0.9730861244019139
724,0.25,0.9802631578947368
724,0.5,0.9796650717703349
724,0.75,0.9778708133971292
724,1,0.9784688995215312
725,0.25,0.9826555023923444
725,0.5,0.979066985645933
725,0.75,0.9796650717703349
725,1,0.9784688995215312
726,0.25,0.9808612440191388
726,0.5,0.9772727272727273
726,0.75,0.9772727272727273
726,1,0.9772727272727273
727,0.25,0.9808612440191388
727,0.5,0.9754784688995215
727,0.75,0.9736842105263158
727,1,0.9736842105263158
728,0.25,0.9802631578947368
728,0.5,0.9796650717703349
728,0.75,0.979066985645933
728,1,0.979066985645933
729,0.25,0.9844497607655502
729,0.5,0.9820574162679426
729,0.75,0.9820574162679426
729,1,0.9826555023923444
730,0.25,0.9820574162679426
730,0.5,0.9802631578947368
730,0.75,0.9784688995215312
730,1,0.9760765550239234
731,0.25,0.9802631578947368
731,0.5,0.9784688995215312
731,0.75,0.9784688995215312
731,1,0.9784688995215312
732,0.25,0.979066985645933
732,0.5,0.9754784688995215
732,0.75,0.9712918660287081
732,1,0.9712918660287081
733,0.25,0.9832535885167464
733,0.5,0.9784688995215312
733,0.75,0.9784688995215312
733,1,0.9754784688995215
734,0.25,0.9796650717703349
734,0.5,0.9784688995215312
734,0.75,0.9802631578947368
734,1,0.9796650717703349
735,0.25,0.9820574162679426
735,0.5,0.9778708133971292
735,0.75,0.979066985645933
735,1,0.9778708133971292
736,0.25,0.9826555023923444
736,0.5,0.9778708133971292
736,0.75,0.9778708133971292
736,1,0.9778708133971292
737,0.25,0.9814593301435407
737,0.5,0.9796650717703349
737,0.75,0.9772727272727273
737,1,0.9772727272727273
738,0.25,0.9820574162679426
738,0.5,0.9814593301435407
738,0.75,0.9820574162679426
738,1,0.9808612440191388
739,0.25,0.9814593301435407
739,0.5,0.9808612440191388
739,0.75,0.9772727272727273
739,1,0.9784688995215312
740,0.25,0.9844497607655502
740,0.5,0.9808612440191388
740,0.75,0.9808612440191388
740,1,0.9796650717703349
741,0.25,0.9838516746411483
741,0.5,0.9832535885167464
741,0.75,0.9814593301435407
741,1,0.979066985645933
742,0.25,0.9778708133971292
742,0.5,0.9754784688995215
742,0.75,0.9736842105263158
742,1,0.9754784688995215
743,0.25,0.9838516746411483
743,0.5,0.9850478468899522
743,0.75,0.9820574162679426
743,1,0.9814593301435407
744,0.25,0.9808612440191388
744,0.5,0.979066985645933
744,0.75,0.9784688995215312
744,1,0.9796650717703349
745,0.25,0.9826555023923444
745,0.5,0.9814593301435407
745,0.75,0.9808612440191388
745,1,0.9808612440191388
746,0.25,0.9814593301435407
746,0.5,0.979066985645933
746,0.75,0.9784688995215312
746,1,0.9778708133971292
747,0.25,0.9820574162679426
747,0.5,0.9820574162679426
747,0.75,0.9814593301435407
747,1,0.9808612440191388
748,0.25,0.9766746411483254
748,0.5,0.9754784688995215
748,0.75,0.97188995215311
748,1,0.9730861244019139
749,0.25,0.9820574162679426
749,0.5,0.9796650717703349
749,0.75,0.9814593301435407
749,1,0.9796650717703349
750,0.25,0.9808612440191388
750,0.5,0.9796650717703349
750,0.75,0.9772727272727273
750,1,0.9742822966507177
751,0.25,0.9796650717703349
751,0.5,0.9784688995215312
751,0.75,0.9778708133971292
751,1,0.9766746411483254
752,0.25,0.9838516746411483
752,0.5,0.9820574162679426
752,0.75,0.9802631578947368
752,1,0.9796650717703349
753,0.25,0.9850478468899522
753,0.5,0.9802631578947368
753,0.75,0.9796650717703349
753,1,0.9802631578947368
754,0.25,0.9760765550239234
754,0.5,0.9766746411483254
754,0.75,0.9742822966507177
754,1,0.9748803827751196
755,0.25,0.9826555023923444
755,0.5,0.9808612440191388
755,0.75,0.9814593301435407
755,1,0.9796650717703349
756,0.25,0.9814593301435407
756,0.5,0.9772727272727273
756,0.75,0.9772727272727273
756,1,0.9742822966507177
757,0.25,0.9808612440191388
757,0.5,0.9778708133971292
757,0.75,0.9772727272727273
757,1,0.9784688995215312
758,0.25,0.9832535885167464
758,0.5,0.979066985645933
758,0.75,0.9802631578947368
758,1,0.9772727272727273
759,0.25,0.9808612440191388
759,0.5,0.9784688995215312
759,0.75,0.979066985645933
759,1,0.9778708133971292
760,0.25,0.9826555023923444
760,0.5,0.9838516746411483
760,0.75,0.9796650717703349
760,1,0.9766746411483254
761,0.25,0.9772727272727273
761,0.5,0.9766746411483254
761,0.75,0.9754784688995215
761,1,0.9760765550239234
762,0.25,0.972488038277512
762,0.5,0.97188995215311
762,0.75,0.9730861244019139
762,1,0.9736842105263158
763,0.25,0.9796650717703349
763,0.5,0.9772727272727273
763,0.75,0.9766746411483254
763,1,0.9754784688995215
764,0.25,0.9784688995215312
764,0.5,0.9754784688995215
764,0.75,0.9748803827751196
764,1,0.9730861244019139
765,0.25,0.9838516746411483
765,0.5,0.9814593301435407
765,0.75,0.9802631578947368
765,1,0.9796650717703349
766,0.25,0.9814593301435407
766,0.5,0.9802631578947368
766,0.75,0.9802631578947368
766,1,0.979066985645933
767,0.25,0.9826555023923444
767,0.5,0.9784688995215312
767,0.75,0.979066985645933
767,1,0.9772727272727273
768,0.25,0.9814593301435407
768,0.5,0.979066985645933
768,0.75,0.9784688995215312
768,1,0.9748803827751196
769,0.25,0.9742822966507177
769,0.5,0.9742822966507177
769,0.75,0.9712918660287081
769,1,0.9712918660287081
770,0.25,0.9802631578947368
770,0.5,0.9784688995215312
770,0.75,0.9754784688995215
770,1,0.9760765550239234
771,0.25,0.9856459330143541
771,0.5,0.9820574162679426
771,0.75,0.9796650717703349
771,1,0.9802631578947368
772,0.25,0.9796650717703349
772,0.5,0.9784688995215312
772,0.75,0.9766746411483254
772,1,0.9754784688995215
773,0.25,0.9808612440191388
773,0.5,0.979066985645933
773,0.75,0.9802631578947368
773,1,0.9820574162679426
774,0.25,0.9814593301435407
774,0.5,0.9760765550239234
774,0.75,0.9772727272727273
774,1,0.9778708133971292
775,0.25,0.979066985645933
775,0.5,0.9766746411483254
775,0.75,0.9778708133971292
775,1,0.979066985645933
776,0.25,0.9832535885167464
776,0.5,0.9832535885167464
776,0.75,0.9832535885167464
776,1,0.9826555023923444
777,0.25,0.9784688995215312
777,0.5,0.9766746411483254
777,0.75,0.9742822966507177
777,1,0.9742822966507177
778,0.25,0.9802631578947368
778,0.5,0.9778708133971292
778,0.75,0.9796650717703349
778,1,0.9760765550239234
779,0.25,0.9844497607655502
779,0.5,0.9808612440191388
779,0.75,0.9802631578947368
779,1,0.9802631578947368
780,0.25,0.986244019138756
780,0.5,0.9838516746411483
780,0.75,0.9838516746411483
780,1,0.9826555023923444
781,0.25,0.9802631578947368
781,0.5,0.9814593301435407
781,0.75,0.9796650717703349
781,1,0.9772727272727273
782,0.25,0.9814593301435407
782,0.5,0.9802631578947368
782,0.75,0.9778708133971292
782,1,0.9778708133971292
783,0.25,0.9814593301435407
783,0.5,0.9778708133971292
783,0.75,0.9754784688995215
783,1,0.9772727272727273
784,0.25,0.9784688995215312
784,0.5,0.9760765550239234
784,0.75,0.972488038277512
784,1,0.972488038277512
785,0.25,0.9838516746411483
785,0.5,0.9826555023923444
785,0.75,0.9832535885167464
785,1,0.9802631578947368
786,0.25,0.9802631578947368
786,0.5,0.9784688995215312
786,0.75,0.9748803827751196
786,1,0.9742822966507177
787,0.25,0.9808612440191388
787,0.5,0.979066985645933
787,0.75,0.9784688995215312
787,1,0.9796650717703349
788,0.25,0.9808612440191388
788,0.5,0.9778708133971292
788,0.75,0.9784688995215312
788,1,0.9784688995215312
789,0.25,0.979066985645933
789,0.5,0.9760765550239234
789,0.75,0.9772727272727273
789,1,0.9778708133971292
790,0.25,0.9868421052631579
790,0.5,0.9820574162679426
790,0.75,0.9832535885167464
790,1,0.9820574162679426
791,0.25,0.9826555023923444
791,0.5,0.9814593301435407
791,0.75,0.9796650717703349
791,1,0.979066985645933
792,0.25,0.9832535885167464
792,0.5,0.9808612440191388
792,0.75,0.9778708133971292
792,1,0.9796650717703349
793,0.25,0.9808612440191388
793,0.5,0.9772727272727273
793,0.75,0.9754784688995215
793,1,0.9742822966507177
794,0.25,0.9832535885167464
794,0.5,0.9820574162679426
794,0.75,0.9820574162679426
794,1,0.9820574162679426
795,0.25,0.9838516746411483
795,0.5,0.9826555023923444
795,0.75,0.9814593301435407
795,1,0.9814593301435407
796,0.25,0.9796650717703349
796,0.5,0.9754784688995215
796,0.75,0.9772727272727273
796,1,0.9754784688995215
797,0.25,0.9784688995215312
797,0.5,0.9778708133971292
797,0.75,0.9760765550239234
797,1,0.9766746411483254
798,0.25,0.9814593301435407
798,0.5,0.9796650717703349
798,0.75,0.9784688995215312
798,1,0.9784688995215312
799,0.25,0.9814593301435407
799,0.5,0.9796650717703349
799,0.75,0.9766746411483254
799,1,0.9796650717703349
800,0.25,0.979066985645933
800,0.5,0.9760765550239234
800,0.75,0.9742822966507177
800,1,0.9712918660287081
801,0.25,0.9802631578947368
801,0.5,0.9778708133971292
801,0.75,0.9730861244019139
801,1,0.9754784688995215
802,0.25,0.9850478468899522
802,0.5,0.9838516746411483
802,0.75,0.9826555023923444
802,1,0.9826555023923444
803,0.25,0.9802631578947368
803,0.5,0.9772727272727273
803,0.75,0.9766746411483254
803,1,0.9730861244019139
804,0.25,0.9796650717703349
804,0.5,0.9802631578947368
804,0.75,0.9802631578947368
804,1,0.979066985645933
805,0.25,0.9808612440191388
805,0.5,0.9772727272727273
805,0.75,0.9772727272727273
805,1,0.9742822966507177
806,0.25,0.9814593301435407
806,0.5,0.9814593301435407
806,0.75,0.9808612440191388
806,1,0.979066985645933
807,0.25,0.9808612440191388
807,0.5,0.979066985645933
807,0.75,0.9754784688995215
807,1,0.9748803827751196
808,0.25,0.9796650717703349
808,0.5,0.9802631578947368
808,0.75,0.9778708133971292
808,1,0.9766746411483254
809,0.25,0.9850478468899522
809,0.5,0.9838516746411483
809,0.75,0.9814593301435407
809,1,0.9814593301435407
810,0.25,0.9844497607655502
810,0.5,0.9820574162679426
810,0.75,0.9796650717703349
810,1,0.9784688995215312
811,0.25,0.9808612440191388
811,0.5,0.9772727272727273
811,0.75,0.9772727272727273
811,1,0.9754784688995215
812,0.25,0.9856459330143541
812,0.5,0.9814593301435407
812,0.75,0.9796650717703349
812,1,0.9796650717703349
813,0.25,0.9808612440191388
813,0.5,0.979066985645933
813,0.75,0.9778708133971292
813,1,0.9778708133971292
814,0.25,0.9802631578947368
814,0.5,0.9796650717703349
814,0.75,0.9802631578947368
814,1,0.9796650717703349
815,0.25,0.9838516746411483
815,0.5,0.9796650717703349
815,0.75,0.9796650717703349
815,1,0.9808612440191388
816,0.25,0.9850478468899522
816,0.5,0.9838516746411483
816,0.75,0.9820574162679426
816,1,0.9808612440191388
817,0.25,0.9784688995215312
817,0.5,0.9766746411483254
817,0.75,0.9760765550239234
817,1,0.9730861244019139
818,0.25,0.9808612440191388
818,0.5,0.9784688995215312
818,0.75,0.9778708133971292
818,1,0.9766746411483254
819,0.25,0.9808612440191388
819,0.5,0.9784688995215312
819,0.75,0.9808612440191388
819,1,0.9802631578947368
820,0.25,0.9772727272727273
820,0.5,0.9760765550239234
820,0.75,0.9748803827751196
820,1,0.9730861244019139
821,0.25,0.9856459330143541
821,0.5,0.9850478468899522
821,0.75,0.9832535885167464
821,1,0.9844497607655502
822,0.25,0.9826555023923444
822,0.5,0.979066985645933
822,0.75,0.979066985645933
822,1,0.9766746411483254
823,0.25,0.9784688995215312
823,0.5,0.9748803827751196
823,0.75,0.9736842105263158
823,1,0.972488038277512
824,0.25,0.9808612440191388
824,0.5,0.9778708133971292
824,0.75,0.9778708133971292
824,1,0.9748803827751196
825,0.25,0.9784688995215312
825,0.5,0.9766746411483254
825,0.75,0.9760765550239234
825,1,0.9742822966507177
826,0.25,0.9778708133971292
826,0.5,0.9754784688995215
826,0.75,0.9760765550239234
826,1,0.9766746411483254
827,0.25,0.9850478468899522
827,0.5,0.9844497607655502
827,0.75,0.9826555023923444
827,1,0.9832535885167464
828,0.25,0.9844497607655502
828,0.5,0.979066985645933
828,0.75,0.9760765550239234
828,1,0.9772727272727273
829,0.25,0.9784688995215312
829,0.5,0.9760765550239234
829,0.75,0.9730861244019139
829,1,0.9706937799043063
830,0.25,0.9850478468899522
830,0.5,0.9832535885167464
830,0.75,0.9826555023923444
830,1,0.9820574162679426
831,0.25,0.9796650717703349
831,0.5,0.9772727272727273
831,0.75,0.9760765550239234
831,1,0.9766746411483254
832,0.25,0.9814593301435407
832,0.5,0.9808612440191388
832,0.75,0.9784688995215312
832,1,0.9808612440191388
833,0.25,0.9814593301435407
833,0.5,0.9802631578947368
833,0.75,0.9778708133971292
833,1,0.979066985645933
834,0.25,0.9832535885167464
834,0.5,0.9814593301435407
834,0.75,0.9772727272727273
834,1,0.9772727272727273
835,0.25,0.9772727272727273
835,0.5,0.9742822966507177
835,0.75,0.9760765550239234
835,1,0.9742822966507177
836,0.25,0.9832535885167464
836,0.5,0.9814593301435407
836,0.75,0.9808612440191388
836,1,0.9802631578947368
837,0.25,0.9850478468899522
837,0.5,0.9850478468899522
837,0.75,0.9832535885167464
837,1,0.9826555023923444
838,0.25,0.9844497607655502
838,0.5,0.9838516746411483
838,0.75,0.9820574162679426
838,1,0.9802631578947368
839,0.25,0.9802631578947368
839,0.5,0.9778708133971292
839,0.75,0.9748803827751196
839,1,0.97188995215311
840,0.25,0.9802631578947368
840,0.5,0.979066985645933
840,0.75,0.979066985645933
840,1,0.9784688995215312
841,0.25,0.9754784688995215
841,0.5,0.972488038277512
841,0.75,0.97188995215311
841,1,0.9730861244019139
842,0.25,0.9820574162679426
842,0.5,0.9814593301435407
842,0.75,0.9832535885167464
842,1,0.9814593301435407
843,0.25,0.9796650717703349
843,0.5,0.9766746411483254
843,0.75,0.9772727272727273
843,1,0.9766746411483254
844,0.25,0.9802631578947368
844,0.5,0.9784688995215312
844,0.75,0.9784688995215312
844,1,0.9778708133971292
845,0.25,0.9826555023923444
845,0.5,0.979066985645933
845,0.75,0.9802631578947368
845,1,0.9784688995215312
846,0.25,0.9844497607655502
846,0.5,0.9808612440191388
846,0.75,0.9826555023923444
846,1,0.9802631578947368
847,0.25,0.9826555023923444
847,0.5,0.979066985645933
847,0.75,0.9778708133971292
847,1,0.9760765550239234
848,0.25,0.9832535885167464
848,0.5,0.9838516746411483
848,0.75,0.9838516746411483
848,1,0.9796650717703349
849,0.25,0.9820574162679426
849,0.5,0.9802631578947368
849,0.75,0.9784688995215312
849,1,0.9784688995215312
850,0.25,0.9820574162679426
850,0.5,0.9814593301435407
850,0.75,0.9808612440191388
850,1,0.9796650717703349
851,0.25,0.9802631578947368
851,0.5,0.9766746411483254
851,0.75,0.9742822966507177
851,1,0.9712918660287081
852,0.25,0.9766746411483254
852,0.5,0.9778708133971292
852,0.75,0.9772727272727273
852,1,0.9760765550239234
853,0.25,0.9826555023923444
853,0.5,0.9778708133971292
853,0.75,0.9772727272727273
853,1,0.9748803827751196
854,0.25,0.9808612440191388
854,0.5,0.9778708133971292
854,0.75,0.9760765550239234
854,1,0.9760765550239234
855,0.25,0.9802631578947368
855,0.5,0.9796650717703349
855,0.75,0.9784688995215312
855,1,0.9802631578947368
856,0.25,0.9760765550239234
856,0.5,0.9748803827751196
856,0.75,0.97188995215311
856,1,0.9748803827751196
857,0.25,0.9814593301435407
857,0.5,0.9808612440191388
857,0.75,0.9778708133971292
857,1,0.9772727272727273
858,0.25,0.979066985645933
858,0.5,0.9766746411483254
858,0.75,0.9772727272727273
858,1,0.9766746411483254
859,0.25,0.9826555023923444
859,0.5,0.9814593301435407
859,0.75,0.9778708133971292
859,1,0.9766746411483254
860,0.25,0.9826555023923444
860,0.5,0.9826555023923444
860,0.75,0.9802631578947368
860,1,0.9796650717703349
861,0.25,0.9784688995215312
861,0.5,0.9736842105263158
861,0.75,0.9730861244019139
861,1,0.9712918660287081
862,0.25,0.9796650717703349
862,0.5,0.9778708133971292
862,0.75,0.979066985645933
862,1,0.9772727272727273
863,0.25,0.9826555023923444
863,0.5,0.9820574162679426
863,0.75,0.9826555023923444
863,1,0.9814593301435407
864,0.25,0.979066985645933
864,0.5,0.9754784688995215
864,0.75,0.9742822966507177
864,1,0.9742822966507177
865,0.25,0.9808612440191388
865,0.5,0.9808612440191388
865,0.75,0.979066985645933
865,1,0.979066985645933
866,0.25,0.9832535885167464
866,0.5,0.9808612440191388
866,0.75,0.979066985645933
866,1,0.9778708133971292
867,0.25,0.9820574162679426
867,0.5,0.9802631578947368
867,0.75,0.9772727272727273
867,1,0.9778708133971292
868,0.25,0.9802631578947368
868,0.5,0.9754784688995215
868,0.75,0.9754784688995215
868,1,0.9730861244019139
869,0.25,0.9868421052631579
869,0.5,0.9844497607655502
869,0.75,0.9832535885167464
869,1,0.9838516746411483
870,0.25,0.9820574162679426
870,0.5,0.9778708133971292
870,0.75,0.9778708133971292
870,1,0.9772727272727273
871,0.25,0.9820574162679426
871,0.5,0.9796650717703349
871,0.75,0.979066985645933
871,1,0.9784688995215312
872,0.25,0.9820574162679426
872,0.5,0.9802631578947368
872,0.75,0.9778708133971292
872,1,0.9760765550239234
873,0.25,0.9772727272727273
873,0.5,0.9748803827751196
873,0.75,0.9730861244019139
873,1,0.972488038277512
874,0.25,0.9844497607655502
874,0.5,0.9802631578947368
874,0.75,0.9796650717703349
874,1,0.9796650717703349
875,0.25,0.9814593301435407
875,0.5,0.9772727272727273
875,0.75,0.9748803827751196
875,1,0.9754784688995215
876,0.25,0.9766746411483254
876,0.5,0.9754784688995215
876,0.75,0.9766746411483254
876,1,0.9772727272727273
877,0.25,0.9760765550239234
877,0.5,0.9748803827751196
877,0.75,0.9730861244019139
877,1,0.9712918660287081
878,0.25,0.9772727272727273
878,0.5,0.9784688995215312
878,0.75,0.9772727272727273
878,1,0.9772727272727273
879,0.25,0.9808612440191388
879,0.5,0.9796650717703349
879,0.75,0.979066985645933
879,1,0.9754784688995215
880,0.25,0.9802631578947368
880,0.5,0.979066985645933
880,0.75,0.9784688995215312
880,1,0.979066985645933
881,0.25,0.9826555023923444
881,0.5,0.9820574162679426
881,0.75,0.9778708133971292
881,1,0.9772727272727273
882,0.25,0.9850478468899522
882,0.5,0.9808612440191388
882,0.75,0.9784688995215312
882,1,0.979066985645933
883,0.25,0.9796650717703349
883,0.5,0.979066985645933
883,0.75,0.9778708133971292
883,1,0.9766746411483254
884,0.25,0.9784688995215312
884,0.5,0.9784688995215312
884,0.75,0.9772727272727273
884,1,0.9796650717703349
885,0.25,0.9838516746411483
885,0.5,0.9814593301435407
885,0.75,0.9802631578947368
885,1,0.979066985645933
886,0.25,0.9814593301435407
886,0.5,0.979066985645933
886,0.75,0.9796650717703349
886,1,0.979066985645933
887,0.25,0.9826555023923444
887,0.5,0.9808612440191388
887,0.75,0.9814593301435407
887,1,0.9814593301435407
888,0.25,0.9826555023923444
888,0.5,0.9808612440191388
888,0.75,0.979066985645933
888,1,0.9760765550239234
889,0.25,0.9814593301435407
889,0.5,0.9808612440191388
889,0.75,0.9796650717703349
889,1,0.9754784688995215
890,0.25,0.9850478468899522
890,0.5,0.9814593301435407
890,0.75,0.9820574162679426
890,1,0.9796650717703349
891,0.25,0.9808612440191388
891,0.5,0.9784688995215312
891,0.75,0.9796650717703349
891,1,0.9784688995215312
892,0.25,0.9814593301435407
892,0.5,0.979066985645933
892,0.75,0.9802631578947368
892,1,0.9784688995215312
893,0.25,0.9802631578947368
893,0.5,0.9766746411483254
893,0.75,0.9742822966507177
893,1,0.972488038277512
894,0.25,0.9826555023923444
894,0.5,0.979066985645933
894,0.75,0.9796650717703349
894,1,0.9778708133971292
895,0.25,0.9856459330143541
895,0.5,0.9838516746411483
895,0.75,0.9826555023923444
895,1,0.9820574162679426
896,0.25,0.9808612440191388
896,0.5,0.9772727272727273
896,0.75,0.9778708133971292
896,1,0.979066985645933
897,0.25,0.9838516746411483
897,0.5,0.9802631578947368
897,0.75,0.9772727272727273
897,1,0.9760765550239234
898,0.25,0.9754784688995215
898,0.5,0.9766746411483254
898,0.75,0.9736842105263158
898,1,0.9748803827751196
899,0.25,0.9832535885167464
899,0.5,0.979066985645933
899,0.75,0.9784688995215312
899,1,0.9778708133971292
900,0.25,0.9874401913875598
900,0.5,0.9850478468899522
900,0.75,0.9820574162679426
900,1,0.9808612440191388
901,0.25,0.9784688995215312
901,0.5,0.9778708133971292
901,0.75,0.9778708133971292
901,1,0.9778708133971292
902,0.25,0.9820574162679426
902,0.5,0.9772727272727273
902,0.75,0.9772727272727273
902,1,0.9748803827751196
903,0.25,0.979066985645933
903,0.5,0.9766746411483254
903,0.75,0.9748803827751196
903,1,0.9748803827751196
904,0.25,0.979066985645933
904,0.5,0.9760765550239234
904,0.75,0.9772727272727273
904,1,0.9778708133971292
905,0.25,0.9826555023923444
905,0.5,0.9802631578947368
905,0.75,0.9784688995215312
905,1,0.979066985645933
906,0.25,0.9844497607655502
906,0.5,0.9826555023923444
906,0.75,0.9820574162679426
906,1,0.9820574162679426
907,0.25,0.9820574162679426
907,0.5,0.9814593301435407
907,0.75,0.9820574162679426
907,1,0.9820574162679426
908,0.25,0.9874401913875598
908,0.5,0.9850478468899522
908,0.75,0.9838516746411483
908,1,0.9826555023923444
909,0.25,0.9778708133971292
909,0.5,0.9772727272727273
909,0.75,0.9760765550239234
909,1,0.9760765550239234
910,0.25,0.9802631578947368
910,0.5,0.9778708133971292
910,0.75,0.9778708133971292
910,1,0.9772727272727273
911,0.25,0.9814593301435407
911,0.5,0.9802631578947368
911,0.75,0.9778708133971292
911,1,0.9766746411483254
912,0.25,0.9820574162679426
912,0.5,0.9814593301435407
912,0.75,0.9796650717703349
912,1,0.9772727272727273
913,0.25,0.9850478468899522
913,0.5,0.9820574162679426
913,0.75,0.9814593301435407
913,1,0.9814593301435407
914,0.25,0.9850478468899522
914,0.5,0.9832535885167464
914,0.75,0.9814593301435407
914,1,0.9826555023923444
915,0.25,0.9778708133971292
915,0.5,0.9766746411483254
915,0.75,0.9760765550239234
915,1,0.9754784688995215
916,0.25,0.9808612440191388
916,0.5,0.9796650717703349
916,0.75,0.9796650717703349
916,1,0.9802631578947368
917,0.25,0.986244019138756
917,0.5,0.9832535885167464
917,0.75,0.9838516746411483
917,1,0.9802631578947368
918,0.25,0.9838516746411483
918,0.5,0.9826555023923444
918,0.75,0.9820574162679426
918,1,0.9838516746411483
919,0.25,0.979066985645933
919,0.5,0.9766746411483254
919,0.75,0.9778708133971292
919,1,0.9748803827751196
920,0.25,0.9850478468899522
920,0.5,0.9832535885167464
920,0.75,0.9826555023923444
920,1,0.9814593301435407
921,0.25,0.9826555023923444
921,0.5,0.9796650717703349
921,0.75,0.9802631578947368
921,1,0.9778708133971292
922,0.25,0.9802631578947368
922,0.5,0.9796650717703349
922,0.75,0.9802631578947368
922,1,0.9796650717703349
923,0.25,0.9856459330143541
923,0.5,0.9844497607655502
923,0.75,0.9844497607655502
923,1,0.9850478468899522
924,0.25,0.9808612440191388
924,0.5,0.9796650717703349
924,0.75,0.9820574162679426
924,1,0.9814593301435407
925,0.25,0.9856459330143541
925,0.5,0.9832535885167464
925,0.75,0.9820574162679426
925,1,0.9784688995215312
926,0.25,0.9820574162679426
926,0.5,0.9802631578947368
926,0.75,0.9796650717703349
926,1,0.9778708133971292
927,0.25,0.9838516746411483
927,0.5,0.9802631578947368
927,0.75,0.9772727272727273
927,1,0.9778708133971292
928,0.25,0.9784688995215312
928,0.5,0.9748803827751196
928,0.75,0.9754784688995215
928,1,0.9766746411483254
929,0.25,0.9802631578947368
929,0.5,0.9760765550239234
929,0.75,0.9736842105263158
929,1,0.972488038277512
930,0.25,0.9856459330143541
930,0.5,0.9820574162679426
930,0.75,0.9802631578947368
930,1,0.9784688995215312
931,0.25,0.9850478468899522
931,0.5,0.9826555023923444
931,0.75,0.9802631578947368
931,1,0.9766746411483254
932,0.25,0.9766746411483254
932,0.5,0.9772727272727273
932,0.75,0.9754784688995215
932,1,0.972488038277512
933,0.25,0.9856459330143541
933,0.5,0.9832535885167464
933,0.75,0.9808612440191388
933,1,0.979066985645933
934,0.25,0.9802631578947368
934,0.5,0.9772727272727273
934,0.75,0.9772727272727273
934,1,0.9748803827751196
935,0.25,0.9808612440191388
935,0.5,0.9808612440191388
935,0.75,0.9814593301435407
935,1,0.9796650717703349
936,0.25,0.979066985645933
936,0.5,0.9796650717703349
936,0.75,0.9796650717703349
936,1,0.9802631578947368
937,0.25,0.9796650717703349
937,0.5,0.9778708133971292
937,0.75,0.9784688995215312
937,1,0.979066985645933
938,0.25,0.9808612440191388
938,0.5,0.9784688995215312
938,0.75,0.9778708133971292
938,1,0.9778708133971292
939,0.25,0.9850478468899522
939,0.5,0.9832535885167464
939,0.75,0.9808612440191388
939,1,0.9826555023923444
940,0.25,0.9850478468899522
940,0.5,0.9838516746411483
940,0.75,0.9820574162679426
940,1,0.9808612440191388
941,0.25,0.9814593301435407
941,0.5,0.9826555023923444
941,0.75,0.9826555023923444
941,1,0.9832535885167464
942,0.25,0.9802631578947368
942,0.5,0.9778708133971292
942,0.75,0.9772727272727273
942,1,0.9748803827751196
943,0.25,0.9832535885167464
943,0.5,0.9820574162679426
943,0.75,0.9808612440191388
943,1,0.9796650717703349
944,0.25,0.9838516746411483
944,0.5,0.9844497607655502
944,0.75,0.9832535885167464
944,1,0.9814593301435407
945,0.25,0.9820574162679426
945,0.5,0.9778708133971292
945,0.75,0.9772727272727273
945,1,0.9772727272727273
946,0.25,0.9826555023923444
946,0.5,0.9820574162679426
946,0.75,0.9796650717703349
946,1,0.979066985645933
947,0.25,0.986244019138756
947,0.5,0.9820574162679426
947,0.75,0.9814593301435407
947,1,0.9808612440191388
948,0.25,0.9796650717703349
948,0.5,0.979066985645933
948,0.75,0.9778708133971292
948,1,0.9766746411483254
949,0.25,0.9838516746411483
949,0.5,0.9826555023923444
949,0.75,0.9796650717703349
949,1,0.9814593301435407
950,0.25,0.9808612440191388
950,0.5,0.9766746411483254
950,0.75,0.9736842105263158
950,1,0.9730861244019139
951,0.25,0.9868421052631579
951,0.5,0.9856459330143541
951,0.75,0.9820574162679426
951,1,0.9820574162679426
952,0.25,0.979066985645933
952,0.5,0.979066985645933
952,0.75,0.9754784688995215
952,1,0.9748803827751196
953,0.25,0.9814593301435407
953,0.5,0.9772727272727273
953,0.75,0.9772727272727273
953,1,0.9778708133971292
954,0.25,0.9778708133971292
954,0.5,0.9772727272727273
954,0.75,0.9754784688995215
954,1,0.9772727272727273
955,0.25,0.9850478468899522
955,0.5,0.9826555023923444
955,0.75,0.9796650717703349
955,1,0.9778708133971292
956,0.25,0.9850478468899522
956,0.5,0.9844497607655502
956,0.75,0.9826555023923444
956,1,0.9826555023923444
957,0.25,0.9838516746411483
957,0.5,0.9796650717703349
957,0.75,0.9796650717703349
957,1,0.9784688995215312
958,0.25,0.9796650717703349
958,0.5,0.9748803827751196
958,0.75,0.9736842105263158
958,1,0.972488038277512
959,0.25,0.9856459330143541
959,0.5,0.986244019138756
959,0.75,0.9820574162679426
959,1,0.9820574162679426
960,0.25,0.9778708133971292
960,0.5,0.9748803827751196
960,0.75,0.9748803827751196
960,1,0.9736842105263158
961,0.25,0.9742822966507177
961,0.5,0.9700956937799043
961,0.75,0.9688995215311005
961,1,0.9683014354066986
962,0.25,0.9820574162679426
962,0.5,0.9802631578947368
962,0.75,0.9802631578947368
962,1,0.9796650717703349
963,0.25,0.9832535885167464
963,0.5,0.9802631578947368
963,0.75,0.9796650717703349
963,1,0.979066985645933
964,0.25,0.9814593301435407
964,0.5,0.9796650717703349
964,0.75,0.9772727272727273
964,1,0.9754784688995215
965,0.25,0.9814593301435407
965,0.5,0.9784688995215312
965,0.75,0.9778708133971292
965,1,0.9784688995215312
966,0.25,0.9832535885167464
966,0.5,0.9820574162679426
966,0.75,0.9796650717703349
966,1,0.9814593301435407
967,0.25,0.9802631578947368
967,0.5,0.9808612440191388
967,0.75,0.9760765550239234
967,1,0.9754784688995215
968,0.25,0.9844497607655502
968,0.5,0.979066985645933
968,0.75,0.979066985645933
968,1,0.9754784688995215
969,0.25,0.9754784688995215
969,0.5,0.972488038277512
969,0.75,0.97188995215311
969,1,0.9712918660287081
970,0.25,0.9796650717703349
970,0.5,0.9802631578947368
970,0.75,0.9826555023923444
970,1,0.9796650717703349
971,0.25,0.9844497607655502
971,0.5,0.9838516746411483
971,0.75,0.9796650717703349
971,1,0.979066985645933
972,0.25,0.9766746411483254
972,0.5,0.9754784688995215
972,0.75,0.9766746411483254
972,1,0.9760765550239234
973,0.25,0.9826555023923444
973,0.5,0.979066985645933
973,0.75,0.9784688995215312
973,1,0.9766746411483254
974,0.25,0.9802631578947368
974,0.5,0.9760765550239234
974,0.75,0.9754784688995215
974,1,0.9748803827751196
975,0.25,0.9802631578947368
975,0.5,0.9784688995215312
975,0.75,0.9760765550239234
975,1,0.9742822966507177
976,0.25,0.9808612440191388
976,0.5,0.979066985645933
976,0.75,0.9784688995215312
976,1,0.9766746411483254
977,0.25,0.9784688995215312
977,0.5,0.9754784688995215
977,0.75,0.9742822966507177
977,1,0.9742822966507177
978,0.25,0.9850478468899522
978,0.5,0.9808612440191388
978,0.75,0.9802631578947368
978,1,0.9808612440191388
979,0.25,0.9808612440191388
979,0.5,0.9784688995215312
979,0.75,0.9754784688995215
979,1,0.9742822966507177
980,0.25,0.9808612440191388
980,0.5,0.9796650717703349
980,0.75,0.9784688995215312
980,1,0.9772727272727273
981,0.25,0.9796650717703349
981,0.5,0.9772727272727273
981,0.75,0.9766746411483254
981,1,0.9754784688995215
982,0.25,0.9820574162679426
982,0.5,0.9796650717703349
982,0.75,0.9802631578947368
982,1,0.979066985645933
983,0.25,0.979066985645933
983,0.5,0.9784688995215312
983,0.75,0.979066985645933
983,1,0.9760765550239234
984,0.25,0.9808612440191388
984,0.5,0.9784688995215312
984,0.75,0.9796650717703349
984,1,0.9760765550239234
985,0.25,0.9844497607655502
985,0.5,0.9838516746411483
985,0.75,0.9826555023923444
985,1,0.9832535885167464
986,0.25,0.9814593301435407
986,0.5,0.9814593301435407
986,0.75,0.9796650717703349
986,1,0.9766746411483254
987,0.25,0.9802631578947368
987,0.5,0.9784688995215312
987,0.75,0.9778708133971292
987,1,0.979066985645933
988,0.25,0.9820574162679426
988,0.5,0.9784688995215312
988,0.75,0.9754784688995215
988,1,0.9760765550239234
989,0.25,0.9808612440191388
989,0.5,0.9796650717703349
989,0.75,0.9796650717703349
989,1,0.9784688995215312
990,0.25,0.9820574162679426
990,0.5,0.9796650717703349
990,0.75,0.9778708133971292
990,1,0.9760765550239234
991,0.25,0.9832535885167464
991,0.5,0.9784688995215312
991,0.75,0.9784688995215312
991,1,0.9754784688995215
992,0.25,0.9772727272727273
992,0.5,0.9748803827751196
992,0.75,0.9742822966507177
992,1,0.9772727272727273
993,0.25,0.9838516746411483
993,0.5,0.9826555023923444
993,0.75,0.9838516746411483
993,1,0.9838516746411483
994,0.25,0.9766746411483254
994,0.5,0.9748803827751196
994,0.75,0.9748803827751196
994,1,0.9760765550239234
995,0.25,0.9826555023923444
995,0.5,0.9796650717703349
995,0.75,0.9772727272727273
995,1,0.9766746411483254
996,0.25,0.9802631578947368
996,0.5,0.979066985645933
996,0.75,0.9766746411483254
996,1,0.9742822966507177
997,0.25,0.9826555023923444
997,0.5,0.9808612440191388
997,0.75,0.979066985645933
997,1,0.9772727272727273
998,0.25,0.9772727272727273
998,0.5,0.9766746411483254
998,0.75,0.9754784688995215
998,1,0.9760765550239234
999,0.25,0.986244019138756
999,0.5,0.9838516746411483
999,0.75,0.9832535885167464
999,1,0.9802631578947368
1000,0.25,0.9826555023923444
1000,0.5,0.979066985645933
1000,0.75,0.9778708133971292
1000,1,0.9778708133971292
